ETF_ID,ETF_NAME,N_QUARTERS_AVAILABLE,MEAN_FINANCIAL_MATCH_WEIGHT,PERSISTENT_INTERNAL_FINANCIAL_CAPACITY,SD_INTERNAL_FINANCIAL_CAPACITY,N_INTERNAL_FINANCIAL_CAPACITY,MIN_INTERNAL_FINANCIAL_CAPACITY,MAX_INTERNAL_FINANCIAL_CAPACITY,RANGE_INTERNAL_FINANCIAL_CAPACITY,PERSISTENT_EXTERNAL_FINANCING_DEPENDENCE,SD_EXTERNAL_FINANCING_DEPENDENCE,N_EXTERNAL_FINANCING_DEPENDENCE,MIN_EXTERNAL_FINANCING_DEPENDENCE,MAX_EXTERNAL_FINANCING_DEPENDENCE,RANGE_EXTERNAL_FINANCING_DEPENDENCE,PERSISTENT_GROWTH_DURATION_EXPOSURE_FINAL,SD_GROWTH_DURATION_EXPOSURE_FINAL,N_GROWTH_DURATION_EXPOSURE_FINAL,MIN_GROWTH_DURATION_EXPOSURE_FINAL,MAX_GROWTH_DURATION_EXPOSURE_FINAL,RANGE_GROWTH_DURATION_EXPOSURE_FINAL,PERSISTENT_PORTFOLIO_CONCENTRATION_FINAL,SD_PORTFOLIO_CONCENTRATION_FINAL,N_PORTFOLIO_CONCENTRATION_FINAL,MIN_PORTFOLIO_CONCENTRATION_FINAL,MAX_PORTFOLIO_CONCENTRATION_FINAL,RANGE_PORTFOLIO_CONCENTRATION_FINAL,PERSISTENT_FINANCIAL_ARCHITECTURE_RISK_FINAL,SD_FINANCIAL_ARCHITECTURE_RISK_FINAL,N_FINANCIAL_ARCHITECTURE_RISK_FINAL,MIN_FINANCIAL_ARCHITECTURE_RISK_FINAL,MAX_FINANCIAL_ARCHITECTURE_RISK_FINAL,RANGE_FINANCIAL_ARCHITECTURE_RISK_FINAL,PERSISTENT_EXTENDED_ARCHITECTURE_RISK_FINAL,SD_EXTENDED_ARCHITECTURE_RISK_FINAL,N_EXTENDED_ARCHITECTURE_RISK_FINAL,MIN_EXTENDED_ARCHITECTURE_RISK_FINAL,MAX_EXTENDED_ARCHITECTURE_RISK_FINAL,RANGE_EXTENDED_ARCHITECTURE_RISK_FINAL,AVAILABLE_ALL_THREE_QUARTERS
S000003053,Invesco WilderHill Clean Energy ETF,3,0.615916391975518,-0.264940525131627,0.0,3,-0.264940525131627,-0.264940525131627,0.0,3.0741472482649197,0.0,3,3.0741472482649197,3.0741472482649197,0.0,0.3780532628946447,0.362567916416943,3,-0.0353423627742376,0.6420532268518703,0.6773955896261079,-0.6442203463807008,0.1633028591292398,3,-0.8323136948067007,-0.5386197547278935,0.2936939400788072,1.2390470120970638,0.12085597213898104,3,1.1012484702074363,1.3270470000828058,0.22579852987536952,0.7682301724776227,0.1313589780064019,3,0.6178579289539021,0.860630311380131,0.2427723824262289,1
S000004436,iShares ESG Optimized MSCI USA ETF,3,0.9143455490061702,-0.00536213217846232,0.09988712473881937,3,-0.109805518979122,0.08924023964723377,0.19904575862635576,-0.38782063648721166,0.022600126656232344,3,-0.4048340108756717,-0.36217701421647763,0.04265699665919409,-0.2587441270057867,0.204496746259048,3,-0.4189694287901589,-0.02841560234648632,0.3905538264436726,-0.4617769943010683,0.25681751390044166,3,-0.6301699291436462,-0.16618492600944182,0.46398500313420443,-0.21373421043817867,0.03562651944247955,3,-0.24325903901556725,-0.17416328428979724,0.06909575472577001,-0.2757449064039011,0.08972552052629292,3,-0.3296883111992046,-0.1721686947197084,0.15751961647949622,1
S000013122,Invesco MSCI Sustainable Future ETF,3,0.3875453916522389,-0.20982422040911333,0.33332831950485253,3,-0.5863298768781888,0.047641226393297986,0.6339711032714868,1.915822869472439,0.23751743076422663,3,1.653704852785557,2.116775646586356,0.4630707938007992,-0.501795307095334,0.44493392391678105,3,-0.9801778074141158,-0.10034243425963991,0.8798353731544758,0.12144935613503634,0.05549505784421714,3,0.05782049582629408,0.1598385522161102,0.10201805638981612,0.5412839275954061,0.08958506110836341,3,0.4398743946385865,0.6096681494641553,0.16979375482556874,0.4363252847303136,0.0604050067525763,3,0.36657805106961605,0.47170623605469,0.10512818498507392,1
S000013931,iShares ESG MSCI KLD 400 ETF,1,0.9266481781770455,0.0014825934834360455,,1,0.0014825934834360455,0.0014825934834360455,0.0,-0.1973331878524621,,1,-0.1973331878524621,-0.1973331878524621,0.0,0.34916849678825185,,1,0.34916849678825185,0.34916849678825185,0.0,0.9173704536702146,,1,0.9173704536702146,0.9173704536702146,0.0,0.05011757181745124,,1,0.05011757181745124,0.05011757181745124,0.0,0.2669307922806421,,1,0.2669307922806421,0.2669307922806421,0.0,0
S000015279,Invesco Global Clean Energy ETF,3,0.21408872300071038,-0.264940525131627,0.0,3,-0.264940525131627,-0.264940525131627,0.0,3.0741472482649197,0.0,3,3.0741472482649197,3.0741472482649197,0.0,-0.17769454005296628,0.18903949117658192,3,-0.3302467926420241,0.03379174450196931,0.3640385371439934,-1.1808679642346425,0.05579265434997193,3,-1.2243365351035314,-1.1179550096937574,0.10638152540977397,1.0537977444478601,0.06301316372552726,3,1.002946993584841,1.1242931726328387,0.12134617904799772,0.49513131727723453,0.042510523264195174,3,0.45213215821197095,0.5371357456987462,0.08500358748677528,1
S000016884,VanEck Low Carbon Energy ETF,3,0.3472094348671586,-0.6612606008548495,0.3391955659983175,3,-0.9361745802205632,-0.2822040251729684,0.6539705550475948,2.125991342478836,0.11736394768008021,3,1.9988924442698053,2.2302679173178106,0.23137547304800532,-0.4330539434759768,0.5567564111950005,3,-0.894765854433767,0.18522204874148915,1.0799879031752562,0.9288110554620582,0.0678476682213773,3,0.8539579767063618,0.9862642903654598,0.13230631365909806,0.7847326666192362,0.077353164030806,3,0.7248925389017232,0.8720799132544496,0.14718737435272633,0.8207522638299416,0.04399967146865339,3,0.7802221290048806,0.8675494291174276,0.08732730011254697,1
S000022498,iShares Global Clean Energy ETF,3,0.32061014081229283,-0.380876273873815,0.7619097680647684,3,-1.122370115466114,0.399927541551641,1.522297657017755,1.994361340352629,0.4909592808024515,3,1.5393474975247337,2.5147211557804554,0.9753736582557218,-0.7251281517928828,0.6177927564933642,3,-1.0818109660577275,-0.01176252326319327,1.0700484427945343,0.6281950957833924,0.32028519048762083,3,0.3230904365066944,0.9617611359837567,0.6386706994770623,0.5500364874778537,0.28220826392184034,3,0.2925742597246594,0.851760101729614,0.5591858420049547,0.5695761395542385,0.18042921136832937,3,0.36936412350842607,0.7195926854238841,0.35022856191545804,1
S000022933,First Trust Global Wind Energy ETF,3,0.13459188360737795,-1.118663073825447,0.4008403727048966,3,-1.3764373258510894,-0.6568535384817641,0.7195837873693253,1.3371515000783294,0.29843166031229906,3,1.0785970308717832,1.6637194990796005,0.5851224682078173,-1.6555965321149178,0.31703145229339236,3,-1.9543803613778692,-1.3230240801125654,0.6313562812653037,0.700576928462238,0.015015661829090343,3,0.6847359807773782,0.714602185879845,0.029866205102466847,0.26673934726295284,0.16141875010841544,3,0.1220642253944985,0.4408504053407094,0.3187861799462109,0.3751987425627741,0.12015342879996305,3,0.27019871551583513,0.5062359586879046,0.23603724317206948,1
S000047509,SPDR MSCI ACWI Climate Paris Aligned ETF,3,0.5842406590529182,-0.023116663865166014,0.1327869458329076,3,-0.1223899629707991,0.12771772304943232,0.2501076860202314,-0.6168678503670484,0.061639718703042086,3,-0.676967667246052,-0.5537957686174382,0.12317189862861377,0.16863002934671126,0.2655059513689828,3,-0.10125172666443776,0.4295323639237411,0.5307840905881789,-0.9562026967138678,0.26888992588170263,3,-1.207287450194623,-0.6724859631143619,0.534801487080261,-0.14170705238505701,0.031068909822263367,3,-0.17755251077035894,-0.12251763759423107,0.055034873176127874,-0.3453309634672597,0.0867064948363553,3,-0.43498624562642496,-0.2619097473715263,0.17307649825489868,1
S000047644,iShares MSCI ACWI Low Carbon Target ETF,3,0.6025627879515901,-0.014156306347541336,0.1239810845513691,3,-0.13297001534500955,0.11441546875573363,0.24738548410074318,-0.5360900486169435,0.0492948599203568,3,-0.5816309698900708,-0.48374761507082054,0.09788335481925026,0.15610704695494415,0.22003093842389476,3,-0.04990651482598446,0.3878865855834153,0.4377931004093998,-1.1129779318316975,0.2795214431156459,3,-1.3852156182578363,-0.826701775348642,0.5585138429091944,-0.121942231771486,0.016767650980844484,3,-0.13356137151726516,-0.10271995102079635,0.030841420496468805,-0.36970115678653886,0.08176986714347909,3,-0.44647493320240794,-0.2837154071027578,0.16275952609965016,1
S000053601,iShares MSCI Global Sustainable Development Goals ETF,3,0.22562638123732418,-0.037101044914117774,0.5105789336868901,3,-0.5450472845287508,0.4760704752950089,1.0211177598237597,1.0083067260307201,0.1310954761070182,3,0.9093521337616531,1.1569909541678753,0.2476388204062222,-0.13321168357910285,0.9288154931353418,3,-0.8886480086522246,0.9038130763446377,1.7924610849968623,0.005944392499022871,0.10320946998004939,3,-0.11084600394555555,0.08488702772210042,0.195733031667656,0.30406536245524507,0.19417447311363126,3,0.1885838032127265,0.5282445184058348,0.33966071519310825,0.2295351199661895,0.16416400678397142,3,0.11372635142315599,0.4174051457349011,0.30367879431174516,1
S000054183,iShares ESG Aware MSCI EM ETF,3,0.003934487542501959,-0.9096553895941154,0.0,3,-0.9096553895941153,-0.9096553895941153,0.0,0.9284594534001828,0.0,3,0.9284594534001828,0.9284594534001828,0.0,-0.6298678650220123,0.0,3,-0.6298678650220123,-0.6298678650220123,0.0,-0.42477339328176456,0.21693851279854748,3,-0.6746773614837015,-0.2848774022569651,0.3897999592267364,0.4027489926574286,0.0,3,0.4027489926574286,0.4027489926574286,0.0,0.1958683961726303,0.05423462819963686,3,0.13339240412214606,0.23084239392883016,0.0974499898066841,1
S000055381,iShares ESG Aware MSCI USA ETF,3,0.9114326095109325,-0.09855898665168407,0.10791613045713822,3,-0.18990397040473542,0.020516241346924702,0.21042021175166012,-0.4086634516686338,0.010183830063719892,3,-0.420251516906286,-0.4011379593180602,0.019113557588225805,-0.08886218182745252,0.1588476582888143,3,-0.26280012209190806,0.04852279019166563,0.31132291228357367,-0.2922799123369972,0.19407383490742683,3,-0.47423182391339647,-0.0880132693721995,0.38621855454119697,-0.13298888228146744,0.02310754943324127,3,-0.1591656768229093,-0.11542383319705322,0.04374184362585608,-0.17281163979534986,0.0616747696223562,3,-0.2379322135955311,-0.11528616996137969,0.12264604363415141,1
S000055811,Nuveen ESG Large-Cap Growth ETF,3,0.9487805470857372,1.0889031924649382,0.21619275320702633,3,0.8616406352966652,1.2919945410313707,0.43035390573470544,-0.9453291196692213,0.05897544217850441,3,-1.0050407963535553,-0.8871185721800838,0.11792222417347142,0.6638260574573095,0.3152073115887156,3,0.4301325998032182,1.022325791989317,0.5921931921860988,0.7731590443714292,0.3528848370046924,3,0.44361883186562173,1.1454867196119485,0.7018678877463267,-0.4568020848922832,0.09072848277222743,3,-0.5466977775440203,-0.36526313514367215,0.18143464240034812,-0.1493118025763551,0.14009458037374192,3,-0.23292929852546246,0.01242432854523301,0.24535362707069547,1
S000055812,Nuveen ESG Large-Cap Value ETF,3,0.9469302391539774,-1.1223738784016675,0.005670673123614866,3,-1.1279826871434702,-1.116643302120523,0.011339385022947068,0.7711527889889814,0.10332179804463548,3,0.6843037601468125,0.8854174656985271,0.2011137055517146,-1.1754785733217095,0.006229050301751594,3,-1.182654626495939,-1.1714671517745094,0.011187474721429558,-0.6842829918029856,0.08451497760315829,3,-0.7597954924235216,-0.5929900426144014,0.16680544980912027,0.2393493646896464,0.03193504794498373,3,0.21360643183859107,0.2750861617145324,0.0614797298759413,0.00844127556648839,0.010150001534818263,3,-0.002999234705896664,0.016365748180018874,0.019364982885915538,1
S000060054,Xtrackers MSCI Emerging Markets Climate Selection ETF,3,0.007270223053018591,-0.9096553895941153,0.0,2,-0.9096553895941153,-0.9096553895941153,0.0,0.20212705031808142,1.258044625321797,3,-1.2505377558461213,0.9284594534001828,2.178997209246304,0.19946386502126257,1.4364446927639483,3,-0.6298678650220123,1.8581273251078123,2.4879951901298245,0.5626160985365806,0.46314642936508665,3,0.08190646816496175,1.005932248672216,0.9240257805072543,0.36976425664856755,0.057131238641593945,3,0.3037947846308455,0.4027489926574286,0.09895420802658306,0.43748103556616447,0.10838941045606744,3,0.32253836153431187,0.537840605977969,0.21530224444365714,1
S000060056,Xtrackers Emerging Markets Carbon Reduction and Climate Improvers ETF,3,0.000866240868370643,-0.264940525131627,0.0,3,-0.264940525131627,-0.264940525131627,0.0,3.0741472482649197,0.0,3,3.0741472482649197,3.0741472482649197,0.0,1.8317311333440267,0.0,3,1.8317311333440267,1.8317311333440267,0.0,-0.5097392696588013,0.11978347959024851,3,-0.6314548576883047,-0.3919862323831087,0.23946862530519597,1.723606302246858,0.0,3,1.723606302246858,1.723606302246858,0.0,1.165269909270443,0.029945869897562222,3,1.1348410122630672,1.1947081685893663,0.05986715632629913,1
S000060822,Invesco Solar ETF,3,0.4872517723311514,-1.0122945898108355,0.2557669151333393,3,-1.297292742832024,-0.8027227583418515,0.49456998449017253,1.5581140148259864,0.41253870096887707,3,1.308762206913844,2.034295163003674,0.7255329560898298,-1.663925959906268,0.2779509460919339,3,-1.8374999497545403,-1.3433425129784389,0.49415743677610147,1.2974719436372553,0.04881583067172039,3,1.2683951098621116,1.353830076298366,0.08543496643625437,0.30216088157685134,0.3125996232200106,3,0.10769067197215614,0.662748464285753,0.5550577923135969,0.5509886470919523,0.22830193556513476,3,0.41913140882001154,0.8146090094021368,0.3954776005821252,1
S000061920,Amplify Lithium & Battery Technology ETF,3,0.16700023303108757,-0.264940525131627,0.0,3,-0.264940525131627,-0.264940525131627,0.0,3.0741472482649197,0.0,3,3.0741472482649197,3.0741472482649197,0.0,-0.5904116342088147,0.20407814895779813,3,-0.7736866633367869,-0.3704947812631276,0.4031918820736593,0.39713775866027684,0.26383948784679306,3,0.15586831255520792,0.6788720351863482,0.5230037226311403,0.916225379729244,0.06802604965259935,3,0.8551337033532533,0.9895309973778064,0.13439729402455303,0.7864534744620023,0.0610153478992413,3,0.7169756569813063,0.8313164800931734,0.11434082311186711,1
S000062205,ALPS Clean Energy ETF,3,0.7740977885845263,-0.5035955327395375,0.27290966022839397,3,-0.8187137936069295,-0.3437905401306268,0.4749232534763027,2.7964221609213276,0.39633346205360614,3,2.342548831658954,3.0741472482649197,0.7315984166059657,-0.8579924215240607,0.20687643270278624,3,-1.0818109660577275,-0.6737865189764617,0.40802444708126584,0.867568747657034,0.03337233372710987,3,0.8431696981992074,0.9055990185532474,0.06242932035404003,0.8140084240456015,0.1252168996667116,3,0.6708509509377064,0.9031577434631038,0.23230679252539743,0.8273985049484596,0.0859852177292389,3,0.7295379678415916,0.8908526891519897,0.16131472131039803,1
S000063075,VANGUARD ESG U.S. STOCK ETF,3,0.9375313741214971,0.024172499776587707,0.127702753976317,3,-0.09170562109368896,0.16108743754661808,0.25279305864030704,-0.564539273117553,0.034095069649115656,3,-0.5853120278203084,-0.525190104620942,0.06012192319936649,0.2865643945866563,0.25735281899968354,3,0.03200737895727967,0.5466247452582762,0.5146173663009965,-0.1332732294556455,0.22270325512948191,3,-0.3528831304164412,0.09239956986669483,0.44528270028313605,-0.10071579276916152,0.03362853872403081,3,-0.13382570152332443,-0.06659157336955013,0.0672341281537743,-0.1088551519407825,0.08089716160020277,3,-0.18859005874660362,-0.02684378756048889,0.16174627118611473,1
S000063360,SPDR S&P Kensho Clean Power ETF,3,0.6952926334674464,-0.8658918715492375,0.4228529224290152,3,-1.3110310460305055,-0.4695611536914248,0.8414698923390806,2.3207880247805517,0.4846698389658228,3,1.7995279274215563,2.7578289177387516,0.9583009903171953,-1.4255974328080667,0.18799916632015573,3,-1.6348039267982468,-1.2708128278069786,0.36399109899126825,0.08292914964039323,0.2880207265539188,3,-0.21026050558168383,0.3654865032566401,0.575747008838324,0.5870274878405741,0.24544419284309987,3,0.3272691385163638,0.8150751491349583,0.48780601061859447,0.4610029032905289,0.16642429519344926,3,0.2688422166988287,0.5587412354557977,0.289899018756969,1
S000063599,Nuveen ESG Large-Cap ETF,3,0.9539149215153442,0.06295895209422613,0.2574898602212597,3,-0.19531265041324997,0.3196598842436328,0.5149725346568828,-0.014044842138423372,0.10473568512178962,3,-0.11578566500923411,0.09344859870294366,0.20923426371217776,-0.16353193886787046,0.23229646820809163,3,-0.30979922109563723,0.10432217049275384,0.41412139158839106,-0.29008433780817106,0.10320132135617532,3,-0.395234037939441,-0.18894851420010617,0.20628552373933484,-0.08017857770017332,0.1933365317017545,3,-0.24841492344950136,0.13102780653631582,0.3794427299858172,-0.13265501772717278,0.17023803420524553,3,-0.2851197020719863,0.05103372635221032,0.3361534284241966,1
S000063769,US Vegan Climate ETF,3,0.9250725559031432,0.10769808899937057,0.08758076257995139,3,0.008095239966867302,0.17266013100113653,0.16456489103426922,-0.4149160600123955,0.23937378168092338,3,-0.5745712439383324,-0.1396851056412847,0.4348861382970477,-0.11574827036547047,0.21618147637465904,3,-0.27026344605958696,0.13129808650854521,0.4015615325681322,-0.03915847863963096,0.19827560858259277,3,-0.20279394489568728,0.1813343877898288,0.38412833268551605,-0.21278747312574553,0.08362933234105267,3,-0.30381047100135855,-0.139347930555913,0.16446254044544556,-0.16938022450421686,0.07638845424492288,3,-0.2518618229542775,-0.10106941641751654,0.15079240653676096,1
S000065418,iShares ESG MSCI USA Leaders ETF,3,0.924356936919236,-0.08534227580388754,0.10343588739798242,3,-0.18727784224557212,0.019531332913535204,0.20680917515910732,-0.28477298022220315,0.020194488546620485,3,-0.30368537533283957,-0.2635033009174612,0.040182074415378355,0.24956763958130582,0.13897309668254534,3,0.10882305790836745,0.38669877738818254,0.2778757194798151,0.45778650068272003,0.35917722457580936,3,0.11852731598543943,0.8340212305591667,0.7154939145737272,0.01671231172099674,0.01618060965303477,3,0.002990211912543649,0.03455471451906204,0.031564502606518385,0.12698085896142758,0.10183518520506285,3,0.031874487930767595,0.2344213435290882,0.20254685559832059,1
S000066985,PIMCO RAFI ESG U.S. ETF,3,0.9564822577240667,-0.7120259060898327,0.032996635315764744,3,-0.7468029837078762,-0.6811579720264604,0.06564501168141579,0.0223640992793999,0.025226558612836913,3,-0.006751766174557263,0.03768298114869626,0.044434747323253525,-0.6488857953664108,0.35393879743498885,3,-0.9680279871248011,-0.2682177334079313,0.6998102537168698,-0.4168100202077485,0.13653254016782893,3,-0.5167585686944693,-0.261247629842222,0.25551093885224735,0.02850140333427399,0.11960615413926028,3,-0.0888876635880655,0.15020773992240846,0.23909540351047398,-0.08282645255123162,0.1186039878522507,3,-0.18477171321268765,0.047343897481250855,0.2321156106939385,1
S000067838,iShares ESG MSCI EM Leaders ETF,3,0.0051610426413928245,-0.9096553895941154,0.0,3,-0.9096553895941153,-0.9096553895941153,0.0,0.9284594534001828,0.0,3,0.9284594534001828,0.9284594534001828,0.0,-0.6298678650220123,0.0,3,-0.6298678650220123,-0.6298678650220123,0.0,-0.5961081742343364,0.04179753591977687,3,-0.6412364993306843,-0.5587247770748949,0.0825117222557894,0.4027489926574286,0.0,3,0.4027489926574286,0.4027489926574286,0.0,0.15303470093448734,0.010449383979944217,3,0.14175261966040037,0.16238055022434772,0.02062793056394735,1
S000068773,iShares ESG Advanced MSCI EM ETF,3,0.005067546597177546,-0.9096553895941154,0.0,3,-0.9096553895941153,-0.9096553895941153,0.0,0.9284594534001828,0.0,3,0.9284594534001828,0.9284594534001828,0.0,-0.6298678650220123,0.0,3,-0.6298678650220123,-0.6298678650220123,0.0,-1.013642869725369,0.12301898662265168,3,-1.1228584243990545,-0.880373519605791,0.24248490479326346,0.4027489926574286,0.0,3,0.4027489926574286,0.4027489926574286,0.0,0.048651027061729184,0.03075474665566291,3,0.02134713839330782,0.08196836459162368,0.060621226198315864,1
S000068775,iShares ESG Advanced MSCI USA ETF,3,0.9459347363606385,0.054393947514647774,0.22114565840054679,3,-0.1927226833030484,0.23367865083258393,0.4264013341356323,-0.20886412568502263,0.11265195638860943,3,-0.3093706439732068,-0.08709658045506281,0.222274063518144,-0.11338537947987004,0.1104697434612203,3,-0.23516031461325368,-0.01960850479883547,0.2155518098144182,0.2562187713362675,0.3933362103513168,3,0.019844648071589716,0.7102760903027093,0.6904314422311196,-0.1255478175598468,0.06509311619742768,3,-0.19583711408481994,-0.06734509323255981,0.12849202085226014,-0.03010617033581824,0.11563437268309575,3,-0.13724394165498907,0.09247308855405678,0.22971703020904585,1
S000069051,SPDR S&P 500 ESG ETF,3,0.9109408907505098,-0.11988440156451811,0.23971403533033483,3,-0.30149117486172855,0.15182518634259767,0.4533163612043262,-0.7475054107358158,0.17540967400015384,3,-0.9398363651582724,-0.5963385088971251,0.34349785626114726,0.1346108732466974,0.40631302960567744,3,-0.1947417488243863,0.5886579080580223,0.7833996568824086,0.48891024617413,0.3101555507871759,3,0.19474682732012547,0.8129026051963136,0.6181557778761881,-0.1643367119748667,0.002932300520183042,3,-0.1676678811476159,-0.16214589382372327,0.005521987323892641,-0.0010249724376175477,0.0757601614756819,3,-0.07371056388491434,0.07747474043836647,0.1511853043232808,1
S000069532,iShares ESG Select Screened S&P 500 ETF,3,0.9318268252688462,-0.05314171336715456,0.1727086938372055,3,-0.21372287831467982,0.12956254019121155,0.34328541850589134,-0.5365199164755731,0.06444703846275732,3,-0.5797533520604335,-0.4624477575710198,0.11730559448941374,0.19138162889264476,0.24665741790063705,3,-0.05854638634092716,0.4346328809885591,0.4931792673294863,0.020369834609363608,0.24268115201299076,3,-0.2184911745270395,0.2666987445186359,0.48518991904567543,-0.09733219140525794,0.005463172949651013,3,-0.10242375519908904,-0.091561003754362,0.010862751444727037,-0.06790668490160255,0.0647549917223793,3,-0.13144061003107665,-0.0019960666861125326,0.12944454334496414,1
S000069963,SmartETFs Sustainable Energy II ETF,3,0.49490596074734766,-0.3991644729968331,0.11400257471851596,3,-0.5079528484712758,-0.2805799116536373,0.22737293681763843,0.9315089323193891,0.17637177730570658,3,0.7604758517130997,1.1127739338828362,0.35229808216973646,-0.8360106195168177,0.32254176651556654,3,-1.1669593087932701,-0.5225906262550825,0.6443686825381877,0.6246729930836871,0.06397837172051614,3,0.5595909829380287,0.687487435598585,0.12789645266055638,0.1648875952664682,0.04321189861488456,3,0.11825842798505078,0.20358264544380236,0.08532421745875159,0.27983394472077294,0.01697536586254329,3,0.2605656798884344,0.29258472981735895,0.03201904992892457,1
S000071281,BlackRock U.S. Carbon Transition Readiness ETF,3,0.9089169211471558,0.057785558308359214,0.1672994358980782,3,-0.12246882270587783,0.20808225808467376,0.3305510807905516,-0.4140136516114781,0.010519247769677742,3,-0.4240348937194543,-0.4030586547618439,0.020976238957610416,-0.07416518328711381,0.19253422189875805,3,-0.2370275530104625,0.1383244351003419,0.3753519881108044,-0.2510960002094435,0.17598016820340998,3,-0.4237466772172298,-0.07196534182858831,0.3517813353886415,-0.1819881310689837,0.027538617135441503,3,-0.211856855072319,-0.15760549258205858,0.05425136249026041,-0.19926509835409867,0.05513423956020466,3,-0.23831320346873763,-0.136195454893691,0.10211774857504663,1
S000071282,BlackRock World ex U.S. Carbon Transition Readiness ETF,3,0.005113511457761485,0.6002298003437698,0.0,3,0.6002298003437698,0.6002298003437698,0.0,-0.2417001863477395,0.0,3,-0.2417001863477395,-0.2417001863477395,0.0,-0.26094244451544135,0.0,3,-0.26094244451544135,-0.26094244451544135,0.0,-1.4438046687150978,0.08687695590610965,3,-1.5436980910444322,-1.3858840250819402,0.15781406596249203,-0.3676241437356502,0.0,3,-0.3676241437356502,-0.3676241437356502,0.0,-0.6366692749805122,0.02171923897652743,3,-0.6616426305628458,-0.6221891140722227,0.03945351649062312,1
S000071711,Putnam Sustainable Future ETF,3,0.8785015571656288,0.2618172316574993,0.1620739902122977,3,0.1126578239613365,0.43428248921568335,0.32162466525434685,-0.16839692921635618,0.25660902909898214,3,-0.4482422441551272,0.05586518281160077,0.504107426966728,0.20620160789380193,0.45923718221782694,3,-0.23775678290955884,0.6793271748755578,0.9170839577851166,-0.6041144755347703,0.1632216152106612,3,-0.7324582267708442,-0.4204134954652788,0.31204473130556537,-0.0746708509933512,0.2119282077761819,3,-0.2351634338851346,0.16556032529722686,0.40072375918236147,-0.20703175712870595,0.14431339651268432,3,-0.2989216399868204,-0.040697682119126805,0.2582239578676936,1
S000071712,Putnam Sustainable Leaders ETF,3,0.8767516062793895,-0.362070521729384,0.12178583850510974,3,-0.45049016806478825,-0.22315977424288658,0.22733039382190168,-0.6291369930582625,0.09477512232787814,3,-0.6865649954378119,-0.5197455959060182,0.1668193995317937,-0.10558637649191309,0.31455932771526524,3,-0.2887809225501752,0.25763083206029425,0.5464117546104694,0.4700685627276338,0.12134424078944397,3,0.36265584766034387,0.6016935076084031,0.23903765994805926,-0.12421761594026388,0.1276950601024736,3,-0.2478498841913098,0.0071853348957568635,0.25503521908706667,0.02435392872671054,0.12593894058550822,3,-0.09522345122839637,0.15581237807391843,0.25103582930231483,1
S000071943,Nuveen Winslow Large-Cap Growth ESG ETF,3,0.9093082702858291,0.5107175347123195,0.0889982778481118,3,0.4082044168146862,0.5682182072178524,0.1600137904031662,-1.1866242828843865,0.09671735996336224,3,-1.243161676428056,-1.0749476124724449,0.16821406395561112,0.9219071142705766,0.1487984673444301,3,0.7539612006903204,1.0372904430391017,0.2833292423487813,1.2827012870838084,0.29189380293554257,3,1.0961757170291186,1.6190857514797423,0.5229100344506237,-0.25847823444204315,0.07865734941169701,3,-0.3483101519473852,-0.20195845888373185,0.14635169306365334,0.1268166459394197,0.11717176487154331,3,0.021977984225102054,0.2533025937071367,0.23132460948203465,1
S000072126,Fidelity Sustainable U.S. Equity ETF,3,0.9000066106637,-0.15349440102843984,0.34191377160174946,3,-0.4345003735736746,0.2271788576684794,0.661679231242154,-0.30554017779356485,0.20338959345106966,3,-0.44584808219366684,-0.07228320386696742,0.37356487832669943,-0.10146057508788801,0.6351697722328637,3,-0.5463992018632627,0.6259472032247652,1.172346405088028,0.2418587657970572,0.18971345908021522,3,0.03602023362523884,0.40969390483553453,0.3736736712102957,-0.08450211728433765,0.12657396579596836,3,-0.23057558733439953,-0.007237518972819749,0.2233380683615798,-0.0029118965139889458,0.09697280499454267,3,-0.1029661507682001,0.09065354204953836,0.19361969281773844,1
S000072510,Virtus Duff & Phelps Clean Energy ETF,3,0.4746642140319701,-0.5484133850203617,0.8283399444252507,3,-1.4735089156215337,0.12459995460707107,1.5981088702286048,2.111523506134509,0.4996905584843364,3,1.6591643018285136,2.647895011708797,0.9887307098802836,-0.6981183559461502,0.4019555399617422,3,-1.0197878490655006,-0.24751679105975413,0.7722710580057465,0.4855033682616719,0.27884014631643383,3,0.17392563066147027,0.7115867053485815,0.5376610746871112,0.6539395117362402,0.34055065613507046,3,0.37614835605398006,1.0338720260882768,0.6577236700342968,0.6118304758675981,0.19777874148267174,3,0.42486070923422603,0.8188854272315751,0.39402471799734906,1
S000073013,Invesco ESG Nasdaq 100 ETF,3,0.9310630119709967,0.7302455436136676,0.13465983551179414,3,0.650575925177336,0.8857213283713041,0.23514540319396815,-0.9630310210558136,0.014585338789096739,3,-0.9739361910956816,-0.9464635785291949,0.027472612566486698,0.6974680907622647,0.03263735661676233,3,0.6711992399833071,0.7340046027252601,0.06280536274195303,1.0308231313963245,0.08843973471825965,3,0.9324890796511659,1.1038522061660856,0.1713631265149197,-0.3319361579690722,0.03813378236658778,3,-0.3752176389139086,-0.3032796913761013,0.0719379475378073,0.008753664372276962,0.01597531869602674,3,-0.005450177643910037,0.026048669380025424,0.03149884702393546,1
S000073014,Invesco ESG Nasdaq NextGen 100 ETF,3,0.8339028454860018,0.24718819411092818,0.26891252154204826,3,-0.06122027190094659,0.43265115087926964,0.49387142278021623,0.2663032217977856,0.3330702295918607,3,-0.06880533177092255,0.5972970006438842,0.6661023324148068,-0.24810130733373825,0.36080519315304493,3,-0.5670946188364426,0.14347903551907745,0.7105736543555201,-0.6480882802260094,0.04639479105066452,3,-0.6751993426057465,-0.5945175099500587,0.08068183265568785,-0.0763287598822936,0.1988066327793795,3,-0.27404827377801394,0.12354744426950008,0.39759571804751404,-0.21926863996822255,0.15926823888106767,3,-0.3741732023640662,-0.05596879428538962,0.31820440807867656,1
S000073419,ProShares S&P Kensho Cleantech ETF,3,0.7599125089580698,-0.40817070622733564,0.4216033611666058,3,-0.8926217231470143,-0.12435429370066475,0.7682674294463495,1.946693637880187,0.5158840200888871,3,1.3888294505300272,2.406531739020969,1.017702288490942,-1.7311115679166384,0.2907713425407783,3,-1.946869570069297,-1.4004449167712656,0.5464246532980315,0.6039595352768531,0.17194726015255302,3,0.40738241847626894,0.7264129056306213,0.3190304871543524,0.20791759206362803,0.3847877039237136,3,-0.11683467256831397,0.6329028484655727,0.7497375210338866,0.3069280778669343,0.25030678156760333,3,0.08189481600468182,0.5765227409682467,0.4946279249635649,1
S000073597,Fidelity Clean Energy ETF,3,0.33764034467504694,-0.6982110967467451,0.48153288128365074,3,-1.2443780975743433,-0.3348495748516669,0.9095285227226764,2.1616624645742317,0.13595855756314434,3,2.0193540138827033,2.290227124694377,0.27087311081167353,-1.6517562802753984,0.06344540158979813,3,-1.7104058276520087,-1.5844118810329164,0.12599394661909225,-0.06942565212716957,0.04140348150710752,3,-0.11717131246651696,-0.043428623289963365,0.0737426891765536,0.4027057603485262,0.21426089919885846,3,0.2747846013483067,0.6500644470786011,0.37527984573029444,0.28467290722960226,0.15035030233217306,3,0.1952312951887392,0.4582555071923216,0.2630242120035824,1
S000074035,SPDR S&P SmallCap 600 ESG ETF,3,0.8230593841184648,-0.5649849027114112,0.10961253160210101,3,-0.6915533050841033,-0.5012141577553768,0.19033914732872648,1.0426623480014972,0.05699335816884464,3,0.9776175631091831,1.0838521993657377,0.1062346362565546,-1.047633381512618,0.12719822673037595,3,-1.183133028817478,-0.930799211388568,0.2523338174289099,-2.2212143581211947,0.028461669827410357,3,-2.254077934085151,-2.2045466029582954,0.049531331126855704,0.18667128973343008,0.09152822290506425,3,0.09889059319548621,0.2815354310204244,0.18264483782493818,-0.41530012223022617,0.06942849529417323,3,-0.4769687058429592,-0.3401030610647162,0.13686564477824298,1
S000074294,Invesco ESG S&P 500 Equal Weight ETF,3,0.9131874292945165,-0.8974248151608849,0.05419111924646587,3,-0.9313348888675714,-0.8349257602470981,0.09640912862047335,0.5281306684164555,0.02960688165503498,3,0.49433024193652686,0.5494711314992159,0.05514088956268903,-1.2478880678893922,0.07008202300508685,3,-1.298205375072557,-1.1678421079614463,0.1303632671111108,-1.9314620250165053,0.011974506773824934,3,-1.9389174334162032,-1.9176496058146515,0.02126782760155166,0.059222471895982724,0.03784273586864488,3,0.03263322380884959,0.10254760663525153,0.06991438282640194,-0.4384486523321393,0.027244974513435927,3,-0.45997984109802825,-0.40781865337761214,0.05216118772041611,1
S000074757,iShares Paris-Aligned Climate Optimized MSCI USA ETF,3,0.9542731248436326,-0.11256191614990796,0.07837800286683852,3,-0.1729408612282924,-0.02398666985708442,0.14895419137120797,-0.6095635597023334,0.08820746845957746,3,-0.6656718826923951,-0.5078924873750792,0.15777939531731588,0.19754853006756404,0.30275633877955016,3,-0.06958439968321083,0.5264132259981084,0.5959976256813192,0.11341965716384111,0.29507478489313366,3,-0.08339156709234537,0.4526948090532228,0.5360863761455682,-0.09981770449495382,0.08661336911180578,3,-0.1981660216704196,-0.0349088043947778,0.1632572172756418,-0.046508364080255084,0.12855649704477615,3,-0.16947240802590105,0.08699209896722235,0.2564645069931234,1
S000076007,SPDR MSCI USA Climate Paris Aligned ETF,3,0.9254494619340786,0.05343318364258889,0.04018770447431081,3,0.028327871466348076,0.0997844205635588,0.07145654909721072,-0.6865015219050354,0.038953832328366765,3,-0.7292462397429182,-0.6530020085059057,0.07624423123701252,0.2976908504142224,0.26950448193382,3,0.03837617620023209,0.5763434578669092,0.5379672816666772,0.2675743854648789,0.384444021298751,3,-0.04052124091646062,0.6983983162413548,0.7389195571578154,-0.14741461837780065,0.08701915550400133,3,-0.23973264500301142,-0.06689909338764392,0.1728335516153675,-0.04366736741713075,0.15831043255789215,3,-0.18992979398137372,0.12442525901960577,0.3143550530009795,1
S000076639,Dimensional US Sustainability Core 1 ETF,3,0.933182630574994,0.02474430736999846,0.13227818874403005,3,-0.12189831907356626,0.13507202949214683,0.2569703485657131,-0.3497198789047628,0.054932783067296945,3,-0.3892201737263647,-0.28698827401200105,0.10223189971436364,-0.1620951002397257,0.18855720519294808,3,-0.3547862926504027,0.02203658772102199,0.37682288037142464,-0.7433649341490258,0.31055914503704524,3,-1.065039210549308,-0.4452644450758034,0.6197747654735046,-0.178853095504829,0.01500872010201762,3,-0.1958486654857113,-0.1674185384991632,0.02843012698654812,-0.31998105516587816,0.07989517525090305,3,-0.3962288645345364,-0.23688001514332324,0.15934884939121313,1
S000076804,Carbon Collective Climate Solutions U.S.Equity ETF,2,0.6833076027415927,-0.005377410307044639,0.03952156912990274,2,-0.03332337984193179,0.02256855922784251,0.0558919390697743,1.307393237677588,0.5955552404803993,2,0.8862720885627126,1.7285143867924635,0.8422422982297509,-0.2160609313871843,0.06156550361780749,2,-0.2595943164825009,-0.1725275462918677,0.08706677019063322,0.3837102308137692,0.013728287032226822,2,0.3740028659592063,0.3934175956683322,0.01941472970912589,0.3655699055324828,0.2058663916561015,2,0.22000038397404778,0.5111394270909179,0.2911390431168701,0.3701049868528044,0.1509677219840194,2,0.2633546868976189,0.47685528680798994,0.21350059991037107,0
S000078011,ProShares S&P Global Core Battery Metals ETF,3,0.034464471929803155,,,0,,,,3.0741472482649197,0.0,3,3.0741472482649197,3.0741472482649197,0.0,-1.0818109660577275,0.0,3,-1.0818109660577275,-1.0818109660577275,0.0,0.17592385911960826,0.11240485850877484,3,0.058774840654328316,0.28289188879500804,0.22411704814067973,0.996168141103596,0.0,3,0.9961681411035961,0.9961681411035961,0.0,0.7227533804422669,0.037468286169591546,3,0.6837037076205069,0.7584093903340667,0.07470568271355982,1
S000079010,ClearBridge Sustainable Infrastructure ETF,3,0.280001132358162,-1.3168875946093086,0.007688983850124409,3,-1.3255704774410457,-1.3109411198775185,0.014629357563527234,2.1937699206363988,0.15555780734482144,3,2.01425046898267,2.288802812911141,0.27455234392847094,-0.017739289982117417,0.49278709331285053,3,-0.5593961827317342,0.4040692121561946,0.9634653948879288,0.6117066409212765,0.20280540323281498,3,0.3786249680523173,0.747862061467592,0.3692370934152747,1.1643060750878633,0.2158851707596985,3,0.9219318020428181,1.335965389870875,0.4140335878280569,1.0261562165462166,0.15042726249059016,3,0.8784143668990115,1.1791322657141363,0.3007178988151248,1
S000079062,Hennessy Sustainable ETF,2,0.8899011627679845,-0.8350128787124461,0.4007229219462837,2,-1.118366774197551,-0.5516589832273413,0.5667077909702096,0.5404636426154823,0.9123599511531961,2,-0.10467226572796992,1.1855995509589345,1.2902718166869045,-1.0912199500407391,0.5165303442878887,2,-1.4564620591753272,-0.7259778409061509,0.7304842182691763,0.08380721864010841,0.08885637423548354,2,0.02097627386654838,0.14663816341366845,0.12566188954712007,0.09475219042906316,0.6098710724624563,2,-0.336491780558652,0.5259961614167783,0.8624879419754303,0.09201594748182448,0.43518921078797135,2,-0.21570929456557186,0.39974118952922083,0.6154504840947927,0
S000079196,iShares ESG Aware MSCI USA Growth ETF,3,0.9313611348906782,0.6569235389923734,0.08471895937478006,3,0.5610139947833486,0.7215612836964695,0.16054728891312098,-1.2505377558461213,0.0,3,-1.2505377558461213,-1.2505377558461213,0.0,0.7118466523365031,0.13876125921851148,3,0.5628648378107703,0.8374061533275313,0.274541315516761,1.3725274434993173,0.2990109508365525,3,1.0315909173194358,1.5902107736492062,0.5586198563297704,-0.39853821416733054,0.019133653736647778,3,-0.4162289709395665,-0.37823096207168644,0.03799800886788007,0.04422820024933144,0.08536568158166083,3,-0.05427399887481593,0.09668666129424758,0.1509606601690635,1
S000079198,iShares ESG Aware MSCI USA Value ETF,3,0.9147581227410719,-1.0010922395728563,0.15983997436073272,3,-1.0948138285050115,-0.8165324428240324,0.27828138568097915,0.6308522944543541,0.15163630225399816,3,0.4559433251912139,0.7252858560123746,0.2693425308211607,-1.0898374269283524,0.39500373407425965,3,-1.333333213199732,-0.634083094507923,0.699250118691809,-1.0901556170467204,0.12064002215482707,3,-1.1764647423908434,-0.9523064605096102,0.2241582818812332,0.1807023690329527,0.028927255270774922,3,0.15664164544975553,0.21279755783577445,0.056155912386018914,-0.13701212748696556,0.05071894879399079,3,-0.16794267797261014,-0.07847844675057172,0.08946423122203842,1
S000079464,Calamos Antetokounmpo Global Sustainable Equities ETF,3,0.4901456249675933,-0.07943568928357708,0.10418784721263766,3,-0.16923023651571273,0.034799971769290505,0.20403020828500323,-0.7999892189050831,0.09217668438025171,3,-0.8795715497584475,-0.6989891439529424,0.1805824058055051,0.3497811505713296,0.38359622727245035,3,-0.04734839634457063,0.7182345869895733,0.765582983334144,-0.5207768521291901,0.18090735661265372,3,-0.711794310176589,-0.3520443584016015,0.35974995177498753,-0.12359079301672553,0.11401379543387558,3,-0.2549595187480404,-0.05043388212274793,0.20452563662529247,-0.22288730779484167,0.1273181333512824,3,-0.36916821660517757,-0.13704532323494156,0.232122893370236,1
S000079909,Xtrackers MSCI USA Climate Action Equity ETF,3,0.9192191161915119,-0.10142805458509348,0.16662080212467448,3,-0.2670252403300565,0.06619783787709026,0.33322307820714675,-0.3591546605237746,0.15317217384061435,3,-0.5029855070182928,-0.19809760538343119,0.3048879016348616,0.2695248350886117,0.20566869565211224,3,0.08022112126604955,0.48836481671792004,0.40814369545187046,-0.278172548765408,0.19313809229674475,3,-0.4842721698385873,-0.10133566387873434,0.38293650595985296,0.003932743049976868,0.06501768031112211,3,-0.053180059478037695,0.0746897911524662,0.12786985063050388,-0.06659357990386934,0.08525981259233438,3,-0.12835166935302025,0.03068342739466606,0.15903509674768632,1
S000079934,Touchstone ETF Trust-Touchstone Climate Transition ETF,3,0.5260693758867082,-0.5165713139407523,0.4849024059517122,3,-0.9920279437070875,-0.022745189214963102,0.9692827544921243,0.7486348539076745,0.314101894372966,3,0.40904361980338577,1.0287406941412198,0.619697074337834,-0.602031530209613,0.5713110398331281,3,-1.1865260299323654,-0.04488630172137557,1.1416397282109898,-0.37568779081554976,0.11110463780291516,3,-0.503815194776136,-0.30598788381259096,0.19782731096354506,0.2210582125462713,0.08050481550582236,3,0.12896750243232444,0.278080869305314,0.14911336687298957,0.07187171170581604,0.0878205886847816,3,-0.02922817186979068,0.1292455785145049,0.1584737503842956,1
S000080443,iShares Climate Conscious & Transition MSCI USA ETF,3,0.9390336776386846,-0.11653504411849995,0.16617843011030634,3,-0.2830968089497914,0.04925737995126919,0.3323541889010606,-0.3608050147424789,0.14940839632034647,3,-0.5019868834744945,-0.2043442437222672,0.29764263975222727,0.21493156681944248,0.20808646334234107,3,0.02307852371309412,0.43613491629561557,0.41305639258252147,-0.27734636777998806,0.1945237205036134,3,-0.485533497873243,-0.10022495197614267,0.38530854589710034,-0.009779467934845486,0.06492720908607012,3,-0.06687997322263302,0.06084443087402639,0.12772440409665942,-0.07667119289613113,0.08530495314804548,3,-0.13886052056025813,0.020577085161484127,0.15943760572174226,1
S000080471,Xtrackers US Green Infrastructure Select Equity ETF,3,0.8248588276172234,-0.7170776605574175,0.05058163775349422,3,-0.7629770932306289,-0.6628480203392914,0.10012907289133754,2.394001154126799,0.5738530224079117,3,1.7789778535819578,2.9150942787056127,1.1361164251236548,-0.6428080006044603,0.23531498750843452,3,-0.910257637862605,-0.4675360762523681,0.44272156161023696,-0.2466334606110785,0.13254169468843618,3,-0.3905553725643076,-0.12959298294580965,0.26096238961849794,0.8227569380265854,0.2555975079427671,3,0.5313760279405617,1.0091040037821655,0.47772797584160376,0.5554093383671694,0.22433891748931198,3,0.3008931778143444,0.7244297571001717,0.4235365792858273,1
S000082271,Amplify Etho Climate Leadership U.S. ETF,2,0.9005470556543176,0.0811807590342408,0.05298254621922134,2,0.04371644131809971,0.11864507675038188,0.07492863543228218,0.5286138672403005,0.13530314639005572,2,0.43294009491201596,0.624287639568585,0.19134754465656906,-0.38100893942710473,0.12158936022647386,2,-0.4669856005633783,-0.2950322782908312,0.17195332227254712,-2.450616281403155,0.004958368532038662,2,-2.4541223774157817,-2.4471101853905286,0.00701219202525305,0.022141389592984978,0.06796998679910272,2,-0.025920648989820678,0.07020342817579063,0.0961240771656113,-0.5960480281560501,0.05221708223233672,2,-0.632971081096311,-0.5591249752157892,0.07384610588052176,0
S000083456,iShares Paris-Aligned Climate Optimized MSCI World ex USA ETF,2,0.006197069556471529,0.6002298003437698,0.0,2,0.6002298003437698,0.6002298003437698,0.0,-0.2417001863477395,0.0,2,-0.2417001863477395,-0.2417001863477395,0.0,-0.26094244451544135,0.0,2,-0.26094244451544135,-0.26094244451544135,0.0,-1.7799770213769501,0.14470340244433244,2,-1.8822977785061037,-1.6776562642477968,0.2046415142583069,-0.3676241437356502,0.0,2,-0.3676241437356502,-0.3676241437356502,0.0,-0.7207123631459752,0.036175850611083055,2,-0.7462925524282635,-0.6951321738636869,0.05116037856457667,0
S000084191,Nuveen Sustainable Core ETF,2,0.9553419290393188,-0.10316087228698356,0.4217199638486441,2,-0.4013619184861055,0.19504017391213835,0.5964020923982438,-0.588827095161606,0.1576415426669342,2,-0.7002964989781036,-0.47735769134510836,0.22293880763299528,0.1782126495148511,0.1457303068590603,2,0.07516576131041314,0.2812595377192891,0.20609377640887594,0.2765317440023906,0.036652834232305934,2,0.25061427636702066,0.30244921163776056,0.0518349352707399,-0.1024845244532571,0.14454373321883932,2,-0.20469237839031762,-0.00027667051619658284,0.20441570787412103,-0.007730457339345173,0.09924459135605301,2,-0.07790698088329807,0.06244606620460773,0.1403530470879058,0
S000085496,Themes Lithium & Battery Metal Miners ETF,2,0.05203389352132946,-0.264940525131627,,1,-0.264940525131627,-0.264940525131627,0.0,3.0741472482649197,0.0,2,3.0741472482649197,3.0741472482649197,0.0,-1.0818109660577275,0.0,2,-1.0818109660577275,-1.0818109660577275,0.0,0.426346072434705,0.5241940358060307,2,0.055684915058716755,0.7970072298106933,0.7413223147519765,0.8742968717749346,0.17235200194821723,2,0.7524256024462731,0.9961681411035961,0.24374253865732298,0.7540108006360062,0.24857684116912876,2,0.578240430599384,0.9297811706726286,0.35154074007324454,0
S000085579,Invesco MSCI Global Climate 500 ETF,2,0.636655167043392,-0.052221186015751084,0.14126612894441443,2,-0.15211142374431974,0.04766905171281757,0.1997804754571373,-0.4973931957263348,0.05218755972846099,2,-0.5342953731039075,-0.460491018348762,0.07380435475514552,0.13403347622493153,0.16673674662674343,2,0.016132792012178054,0.251934160437685,0.23580136842550697,-0.951787875400012,0.18866565850187367,2,-1.0851946419037122,-0.8183811088963117,0.2668135330074005,-0.10371284449521737,0.00890564734871066,2,-0.11001008812634668,-0.09741560086408807,0.012594487262258605,-0.31573160222141605,0.040487179113935415,2,-0.3443603611239941,-0.28710284331883795,0.057257517805156144,0
S000087815,Stance Sustainable Beta ETF,1,0.928753960952673,0.29642831127624814,,1,0.29642831127624814,0.29642831127624814,0.0,-0.07778487880782467,,1,-0.07778487880782467,-0.07778487880782467,0.0,-0.222979067269633,,1,-0.222979067269633,-0.222979067269633,0.0,-1.1993582870452313,,1,-1.1993582870452313,-1.1993582870452313,0.0,-0.1990640857845686,,1,-0.1990640857845686,-0.1990640857845686,0.0,-0.4491376360997343,,1,-0.4491376360997343,-0.4491376360997343,0.0,0
S000089010,Invesco MSCI North America Climate ETF,1,0.9086575236000605,-0.0016232322989977455,,1,-0.0016232322989977455,-0.0016232322989977455,0.0,-0.5237456540078012,,1,-0.5237456540078012,-0.5237456540078012,0.0,0.19140374665136214,,1,0.19140374665136214,0.19140374665136214,0.0,-0.199047983256793,,1,-0.199047983256793,-0.199047983256793,0.0,-0.11023955835248041,,1,-0.11023955835248041,-0.11023955835248041,0.0,-0.13244166457855855,,1,-0.13244166457855855,-0.13244166457855855,0.0,0
