SHOCK,CHANNEL,CHANNEL_ROLE,HORIZON_MONTHS,N_VARIANTS,ALL_SIGNS_AGREE,COEFFICIENT_MIN,COEFFICIENT_MAX,PRIMARY_COEFFICIENT,MONTH_FE_COEFFICIENT,LAG_AUGMENTED_COEFFICIENT,N_P_LT_05,N_P_LT_10,MAX_P_VALUE,MIN_P_VALUE
CPU_AND_VIX_STRESS,EXTENDED_ARCHITECTURE_RISK_FINAL,COMPOSITE_ROBUSTNESS,0,3,True,-0.0428555723872569,-0.0350896597880983,-0.0426543479629643,-0.0428555723872569,-0.0350896597880983,0,0,0.1811921269315088,0.112385719020424
CPU_AND_VIX_STRESS,EXTENDED_ARCHITECTURE_RISK_FINAL,COMPOSITE_ROBUSTNESS,1,3,True,-0.0625998101189805,-0.0534403581306092,-0.0611541889091607,-0.0534403581306092,-0.0625998101189805,0,0,0.2670592261661627,0.1319684824616513
CPU_AND_VIX_STRESS,EXTENDED_ARCHITECTURE_RISK_FINAL,COMPOSITE_ROBUSTNESS,2,3,True,-0.0880441765703884,-0.0781548918650785,-0.0834123219200922,-0.0880441765703884,-0.0781548918650785,0,0,0.2003376836950205,0.1503882095665872
CPU_AND_VIX_STRESS,EXTENDED_ARCHITECTURE_RISK_FINAL,COMPOSITE_ROBUSTNESS,3,3,True,-0.1147152585550869,-0.084369512067484,-0.1124490168948193,-0.1147152585550869,-0.084369512067484,0,0,0.2151755271657553,0.1779737432520569
CPU_AND_VIX_STRESS,EXTENDED_ARCHITECTURE_RISK_FINAL,COMPOSITE_ROBUSTNESS,4,3,True,-0.2015813698468204,-0.1637553460308317,-0.1972107020291807,-0.2015813698468204,-0.1637553460308317,1,3,0.089921562550665,0.0353457446580561
CPU_AND_VIX_STRESS,EXTENDED_ARCHITECTURE_RISK_FINAL,COMPOSITE_ROBUSTNESS,5,3,True,-0.264173669061882,-0.2189899316496451,-0.2581651882299658,-0.264173669061882,-0.2189899316496451,3,3,0.04437924946729,0.0084867469034231
CPU_AND_VIX_STRESS,EXTENDED_ARCHITECTURE_RISK_FINAL,COMPOSITE_ROBUSTNESS,6,3,True,-0.276440054243279,-0.2333882972319905,-0.2729181453340923,-0.276440054243279,-0.2333882972319905,2,3,0.0605012047401921,0.0158611361353143
CPU_AND_VIX_STRESS,EXTENDED_ARCHITECTURE_RISK_FINAL,COMPOSITE_ROBUSTNESS,7,3,True,-0.277229058421336,-0.2339635300631885,-0.2718308327389763,-0.277229058421336,-0.2339635300631885,2,3,0.0561015417351389,0.018393558310466
CPU_AND_VIX_STRESS,EXTENDED_ARCHITECTURE_RISK_FINAL,COMPOSITE_ROBUSTNESS,8,3,True,-0.2615464275704219,-0.2327295478370815,-0.2615464275704219,-0.2587508880894604,-0.2327295478370815,2,3,0.0647524995658055,0.0213268405751802
CPU_AND_VIX_STRESS,EXTENDED_ARCHITECTURE_RISK_FINAL,COMPOSITE_ROBUSTNESS,9,3,True,-0.2751375736485025,-0.2594522760967205,-0.2751375736485025,-0.2662946034088687,-0.2594522760967205,3,3,0.0333086809109207,0.0183650107444219
CPU_AND_VIX_STRESS,EXTENDED_ARCHITECTURE_RISK_FINAL,COMPOSITE_ROBUSTNESS,10,3,True,-0.306602937538818,-0.2905542089249076,-0.306602937538818,-0.2905542089249076,-0.2981577664007847,3,3,0.0391146509793335,0.0221813741303936
CPU_AND_VIX_STRESS,EXTENDED_ARCHITECTURE_RISK_FINAL,COMPOSITE_ROBUSTNESS,11,3,True,-0.2740712930255378,-0.2493233252785063,-0.2675439082865932,-0.2493233252785063,-0.2740712930255378,2,3,0.0655165590923114,0.0375936845537499
CPU_AND_VIX_STRESS,EXTENDED_ARCHITECTURE_RISK_FINAL,COMPOSITE_ROBUSTNESS,12,3,True,-0.1988891554043902,-0.1608525171172379,-0.1844789066911544,-0.1608525171172379,-0.1988891554043902,0,2,0.1379023357605411,0.0679980315301767
CPU_AND_VIX_STRESS,EXTERNAL_FINANCING_DEPENDENCE,PRIMARY,0,3,True,-0.016684780633333,-0.011995799430162,-0.0161243579443749,-0.016684780633333,-0.011995799430162,0,0,0.2432251729748635,0.1358434910869231
CPU_AND_VIX_STRESS,EXTERNAL_FINANCING_DEPENDENCE,PRIMARY,1,3,True,-0.0258480933617295,-0.0216581083626007,-0.0258480933617295,-0.0216581083626007,-0.0244911689150158,0,0,0.2639083493264106,0.1258963944581098
CPU_AND_VIX_STRESS,EXTERNAL_FINANCING_DEPENDENCE,PRIMARY,2,3,True,-0.0332888421384894,-0.0280354173295739,-0.0305995013199732,-0.0332888421384894,-0.0280354173295739,0,0,0.2356880680329193,0.190707185790723
CPU_AND_VIX_STRESS,EXTERNAL_FINANCING_DEPENDENCE,PRIMARY,3,3,True,-0.0413223351209673,-0.0276373533374996,-0.038756280493261,-0.0413223351209673,-0.0276373533374996,0,0,0.2907412646450762,0.2382298580078977
CPU_AND_VIX_STRESS,EXTERNAL_FINANCING_DEPENDENCE,PRIMARY,4,3,True,-0.0729511455468124,-0.0540314475789431,-0.0668066784495284,-0.0729511455468124,-0.0540314475789431,0,1,0.1165381533116477,0.0769462434640086
CPU_AND_VIX_STRESS,EXTERNAL_FINANCING_DEPENDENCE,PRIMARY,5,3,True,-0.0950499575521514,-0.0712592608875997,-0.0862142636264844,-0.0950499575521514,-0.0712592608875997,1,3,0.059155118145052,0.0227614769284446
CPU_AND_VIX_STRESS,EXTERNAL_FINANCING_DEPENDENCE,PRIMARY,6,3,True,-0.0958471485389273,-0.0733708636961431,-0.0887015805722264,-0.0958471485389273,-0.0733708636961431,1,3,0.0745981182541574,0.0339955755351747
CPU_AND_VIX_STRESS,EXTERNAL_FINANCING_DEPENDENCE,PRIMARY,7,3,True,-0.0940769862984613,-0.0720828417562341,-0.0854769798285917,-0.0940769862984613,-0.0720828417562341,0,3,0.0870933116921177,0.0517349279408486
CPU_AND_VIX_STRESS,EXTERNAL_FINANCING_DEPENDENCE,PRIMARY,8,3,True,-0.0851100789383072,-0.0710476289695987,-0.0808892840959359,-0.0851100789383072,-0.0710476289695987,0,1,0.1135872926501523,0.0735415261662211
CPU_AND_VIX_STRESS,EXTERNAL_FINANCING_DEPENDENCE,PRIMARY,9,3,True,-0.0928808358707261,-0.0871556958004021,-0.0928372088239804,-0.0928808358707261,-0.0871556958004021,0,3,0.0626744465883149,0.0541834219018328
CPU_AND_VIX_STRESS,EXTERNAL_FINANCING_DEPENDENCE,PRIMARY,10,3,True,-0.1091906423167911,-0.10397032150899,-0.1091906423167911,-0.10397032150899,-0.1051796797656387,0,3,0.0713520766485686,0.053755909896715
CPU_AND_VIX_STRESS,EXTERNAL_FINANCING_DEPENDENCE,PRIMARY,11,3,True,-0.0973730540574941,-0.0876885675716251,-0.0960903043765808,-0.0876885675716251,-0.0973730540574941,0,2,0.1064755283222082,0.0696822918494722
CPU_AND_VIX_STRESS,EXTERNAL_FINANCING_DEPENDENCE,PRIMARY,12,3,True,-0.0683692971169891,-0.0513577030534538,-0.0626265051728553,-0.0513577030534538,-0.0683692971169891,0,0,0.2135559552692382,0.1143283386392944
CPU_AND_VIX_STRESS,FINANCIAL_ARCHITECTURE_RISK_FINAL,COMPOSITE_ROBUSTNESS,0,3,True,-0.0396096785431751,-0.0299771556062577,-0.0378355515323161,-0.0396096785431751,-0.0299771556062577,0,0,0.2265714671800668,0.1342637721281593
CPU_AND_VIX_STRESS,FINANCIAL_ARCHITECTURE_RISK_FINAL,COMPOSITE_ROBUSTNESS,1,3,True,-0.0602013143761986,-0.0524536295303883,-0.0602013143761986,-0.0524536295303883,-0.0570933358711206,0,0,0.2517078575763227,0.1425494426472239
CPU_AND_VIX_STRESS,FINANCIAL_ARCHITECTURE_RISK_FINAL,COMPOSITE_ROBUSTNESS,2,3,True,-0.0959034229763823,-0.0783944148468581,-0.0888755225009778,-0.0959034229763823,-0.0783944148468581,0,0,0.1502682626683297,0.1208766454353551
CPU_AND_VIX_STRESS,FINANCIAL_ARCHITECTURE_RISK_FINAL,COMPOSITE_ROBUSTNESS,3,3,True,-0.124822499851117,-0.0793619762911617,-0.1170643315639794,-0.124822499851117,-0.0793619762911617,0,0,0.1936883863780227,0.1563303024187013
CPU_AND_VIX_STRESS,FINANCIAL_ARCHITECTURE_RISK_FINAL,COMPOSITE_ROBUSTNESS,4,3,True,-0.2125611974697119,-0.1618563916323767,-0.2035143652638406,-0.2125611974697119,-0.1618563916323767,1,3,0.0833188546502344,0.0313322349090937
CPU_AND_VIX_STRESS,FINANCIAL_ARCHITECTURE_RISK_FINAL,COMPOSITE_ROBUSTNESS,5,3,True,-0.2673214737106918,-0.2103394578966976,-0.2576804903497925,-0.2673214737106918,-0.2103394578966976,2,3,0.0509957112120434,0.0108192134200101
CPU_AND_VIX_STRESS,FINANCIAL_ARCHITECTURE_RISK_FINAL,COMPOSITE_ROBUSTNESS,6,3,True,-0.2866721500451333,-0.2311579162694937,-0.2810054259549452,-0.2866721500451333,-0.2311579162694937,2,3,0.0599020776660175,0.0170065154769153
CPU_AND_VIX_STRESS,FINANCIAL_ARCHITECTURE_RISK_FINAL,COMPOSITE_ROBUSTNESS,7,3,True,-0.2887728031673855,-0.2296437535127372,-0.2781188315605452,-0.2887728031673855,-0.2296437535127372,2,3,0.051735423017958,0.019081101536521
CPU_AND_VIX_STRESS,FINANCIAL_ARCHITECTURE_RISK_FINAL,COMPOSITE_ROBUSTNESS,8,3,True,-0.2760948966035485,-0.2370541457962196,-0.2760948966035485,-0.2745768529719398,-0.2370541457962196,2,3,0.0518865851632801,0.0158786937569274
CPU_AND_VIX_STRESS,FINANCIAL_ARCHITECTURE_RISK_FINAL,COMPOSITE_ROBUSTNESS,9,3,True,-0.2954029744110535,-0.2687108732617494,-0.2954029744110535,-0.2864793245737612,-0.2687108732617494,3,3,0.0201528817315067,0.0113467055166498
CPU_AND_VIX_STRESS,FINANCIAL_ARCHITECTURE_RISK_FINAL,COMPOSITE_ROBUSTNESS,10,3,True,-0.3270583581529072,-0.3093663205548204,-0.3270583581529072,-0.3097858338070411,-0.3093663205548204,3,3,0.0267147392535377,0.0148032801370171
CPU_AND_VIX_STRESS,FINANCIAL_ARCHITECTURE_RISK_FINAL,COMPOSITE_ROBUSTNESS,11,3,True,-0.2909539960118139,-0.2663415161888505,-0.2909539960118139,-0.2663415161888505,-0.2888375547571104,3,3,0.0419974120869278,0.0217273757271206
CPU_AND_VIX_STRESS,FINANCIAL_ARCHITECTURE_RISK_FINAL,COMPOSITE_ROBUSTNESS,12,3,True,-0.2201876999588116,-0.1762116067829957,-0.2107599859099292,-0.1762116067829957,-0.2201876999588116,2,3,0.0932433465007441,0.0350854136277696
CPU_AND_VIX_STRESS,GROWTH_DURATION_EXPOSURE_FINAL,PRIMARY,0,3,True,-0.0128887211524514,-0.0118298335918083,-0.0128749202452363,-0.0128887211524514,-0.0118298335918083,0,3,0.0959457335004659,0.0587960912634101
CPU_AND_VIX_STRESS,GROWTH_DURATION_EXPOSURE_FINAL,PRIMARY,1,3,True,-0.0237511233960441,-0.0175109241312865,-0.0175109241312865,-0.0189663410405546,-0.0237511233960441,1,3,0.098221572694124,0.024247863164533
CPU_AND_VIX_STRESS,GROWTH_DURATION_EXPOSURE_FINAL,PRIMARY,2,3,True,-0.0134185531399108,-0.0048575982347033,-0.0048575982347033,-0.0070914509112131,-0.0134185531399108,0,0,0.7219274843535185,0.3092877968497353
CPU_AND_VIX_STRESS,GROWTH_DURATION_EXPOSURE_FINAL,PRIMARY,3,3,True,-0.0222859101769784,-0.0134254600113451,-0.0141235593758683,-0.0134254600113451,-0.0222859101769784,0,0,0.5057622836446042,0.1567358176688073
CPU_AND_VIX_STRESS,GROWTH_DURATION_EXPOSURE_FINAL,PRIMARY,4,3,True,-0.0204455222108198,-0.013654971996192,-0.0142615609755009,-0.013654971996192,-0.0204455222108198,0,0,0.5143021889879096,0.2106651268374552
CPU_AND_VIX_STRESS,GROWTH_DURATION_EXPOSURE_FINAL,PRIMARY,5,3,True,-0.0361821666300408,-0.0281326416946096,-0.0281326416946096,-0.035182958411861,-0.0361821666300408,1,1,0.1394385775332783,0.0455421101740902
CPU_AND_VIX_STRESS,GROWTH_DURATION_EXPOSURE_FINAL,PRIMARY,6,3,True,-0.0308896351099021,-0.0221265579785708,-0.0221265579785708,-0.0299115356775423,-0.0308896351099021,0,0,0.3487082730907527,0.14146911214497
CPU_AND_VIX_STRESS,GROWTH_DURATION_EXPOSURE_FINAL,PRIMARY,7,3,True,-0.0314239673359889,-0.0218054101805963,-0.0218054101805963,-0.0262904823690853,-0.0314239673359889,0,0,0.3171605034393558,0.1098969019285631
CPU_AND_VIX_STRESS,GROWTH_DURATION_EXPOSURE_FINAL,PRIMARY,8,3,True,-0.0144551628711449,-0.0053556548586798,-0.0053556548586798,-0.013626328162806,-0.0144551628711449,0,0,0.8053516453492181,0.4899083935934915
CPU_AND_VIX_STRESS,GROWTH_DURATION_EXPOSURE_FINAL,PRIMARY,9,3,False,-0.0062200537550718,0.0070535406720338,0.0070535406720338,-0.0062200537550718,-0.0058864115842978,0,0,0.7877594222150299,0.7084226722251038
CPU_AND_VIX_STRESS,GROWTH_DURATION_EXPOSURE_FINAL,PRIMARY,10,3,False,-0.0037667773574673,0.011805400062806,0.011805400062806,-0.0037667773574673,-0.0002810609437826,0,0,0.9879520442569552,0.5374586901646479
CPU_AND_VIX_STRESS,GROWTH_DURATION_EXPOSURE_FINAL,PRIMARY,11,3,False,-0.0086043673294911,0.0077232349663165,0.0077232349663165,-0.0086043673294911,-0.005792150692631,0,0,0.7815396658678704,0.6752111493466689
CPU_AND_VIX_STRESS,GROWTH_DURATION_EXPOSURE_FINAL,PRIMARY,12,3,False,-0.0103029806623171,0.0110563964336524,0.0110563964336524,-0.0103029806623171,-0.0009496657418466,0,0,0.9641747704043868,0.5441246997558523
CPU_AND_VIX_STRESS,INTERNAL_FINANCIAL_CAPACITY,PRIMARY,0,3,True,-0.0072410128450381,-0.0069584394512628,-0.0071421480458757,-0.0072410128450381,-0.0069584394512628,0,0,0.2792086455339176,0.2577551831081692
CPU_AND_VIX_STRESS,INTERNAL_FINANCIAL_CAPACITY,PRIMARY,1,3,True,-0.0090033468048115,-0.0061979616432278,-0.0061979616432278,-0.0090033468048115,-0.0089016032632286,0,0,0.4988157048807705,0.3357050240370128
CPU_AND_VIX_STRESS,INTERNAL_FINANCIAL_CAPACITY,PRIMARY,2,3,True,0.0016032244574455,0.0039049092613776,0.0039049092613776,0.0029542653363011,0.0016032244574455,0,0,0.8952137219004886,0.7665816436120326
CPU_AND_VIX_STRESS,INTERNAL_FINANCIAL_CAPACITY,PRIMARY,3,3,True,-0.0055933223026095,-0.0004857409664291,-0.0004857409664291,-0.0008764410316309,-0.0055933223026095,0,0,0.9785088148584218,0.7326811218602032
CPU_AND_VIX_STRESS,INTERNAL_FINANCIAL_CAPACITY,PRIMARY,4,3,True,0.0011114604198975,0.0064597193404492,0.004039252411331,0.0064597193404492,0.0011114604198975,0,0,0.952175439906388,0.7760885895903542
CPU_AND_VIX_STRESS,INTERNAL_FINANCIAL_CAPACITY,PRIMARY,5,3,True,-0.012250217487497,-0.0074448870140755,-0.0076885172638432,-0.0074448870140755,-0.012250217487497,0,0,0.7659318678316477,0.5438043524623852
CPU_AND_VIX_STRESS,INTERNAL_FINANCIAL_CAPACITY,PRIMARY,6,3,False,-0.0056650839481524,0.0013718274275119,0.0013718274275119,-0.0001467241283979,-0.0056650839481524,0,0,0.9957973589963236,0.7958363273915274
CPU_AND_VIX_STRESS,INTERNAL_FINANCIAL_CAPACITY,PRIMARY,7,3,False,-0.0025944414216628,0.0040472411690229,0.0040472411690229,0.0040374596632838,-0.0025944414216628,0,0,0.8912927745487388,0.8666208139400438
CPU_AND_VIX_STRESS,INTERNAL_FINANCIAL_CAPACITY,PRIMARY,8,3,True,0.0060738759689943,0.0138041028359926,0.0138041028359926,0.0121221685662918,0.0060738759689943,0,0,0.7808893006942951,0.5932506000722262
CPU_AND_VIX_STRESS,INTERNAL_FINANCIAL_CAPACITY,PRIMARY,9,3,True,0.0165140717877026,0.0229947209076924,0.0229947209076924,0.02059337026557,0.0165140717877026,0,0,0.4556088898897045,0.3385528469303053
CPU_AND_VIX_STRESS,INTERNAL_FINANCIAL_CAPACITY,PRIMARY,10,3,True,0.0283124150817283,0.0339503433135282,0.0339503433135282,0.0283124150817283,0.0286598406140527,0,0,0.2924205898482053,0.2133389137855932
CPU_AND_VIX_STRESS,INTERNAL_FINANCIAL_CAPACITY,PRIMARY,11,3,True,0.0145268113013089,0.0184518409320345,0.0184518409320345,0.0178803404471963,0.0145268113013089,0,0,0.523760902234587,0.3959110273806827
CPU_AND_VIX_STRESS,INTERNAL_FINANCIAL_CAPACITY,PRIMARY,12,3,True,0.0117338661423158,0.0149663742484295,0.0149663742484295,0.0117338661423158,0.0123308889473444,0,0,0.6496954598841136,0.4692144383086343
CPU_AND_VIX_STRESS,PORTFOLIO_CONCENTRATION_FINAL,PRIMARY,0,3,True,-0.0128993819289377,-0.0101926573529082,-0.0121426301375162,-0.0128993819289377,-0.0101926573529082,0,2,0.1230595921242222,0.0725565105390135
CPU_AND_VIX_STRESS,PORTFOLIO_CONCENTRATION_FINAL,PRIMARY,1,3,True,-0.0152347489019565,-0.0140495417752539,-0.0140495417752539,-0.0145042216643881,-0.0152347489019565,0,0,0.1842721273800379,0.1308182992484985
CPU_AND_VIX_STRESS,PORTFOLIO_CONCENTRATION_FINAL,PRIMARY,2,3,True,-0.011807023365005,-0.0092108910036047,-0.0100930728839588,-0.011807023365005,-0.0092108910036047,0,0,0.4797474757140088,0.4284117645004234
CPU_AND_VIX_STRESS,PORTFOLIO_CONCENTRATION_FINAL,PRIMARY,3,3,True,-0.0176876057564247,-0.0143333671775722,-0.0164051201998348,-0.0176876057564247,-0.0143333671775722,0,0,0.3478216320300095,0.301929970212232
CPU_AND_VIX_STRESS,PORTFOLIO_CONCENTRATION_FINAL,PRIMARY,4,3,True,-0.0302513652534323,-0.0211751587206296,-0.0270509173788997,-0.0302513652534323,-0.0211751587206296,0,1,0.182215335406513,0.0999988564927445
CPU_AND_VIX_STRESS,PORTFOLIO_CONCENTRATION_FINAL,PRIMARY,5,3,True,-0.0493820752666622,-0.0367072245516305,-0.0416640622439172,-0.0493820752666622,-0.0367072245516305,3,3,0.0157513477769115,0.0084547933282582
CPU_AND_VIX_STRESS,PORTFOLIO_CONCENTRATION_FINAL,PRIMARY,6,3,True,-0.0460595664046492,-0.0302627256370049,-0.0326175445018445,-0.0460595664046492,-0.0302627256370049,1,3,0.0984816355188401,0.0455868633878441
CPU_AND_VIX_STRESS,PORTFOLIO_CONCENTRATION_FINAL,PRIMARY,7,3,True,-0.0419491304692316,-0.029504376508485,-0.030432470189238,-0.0419491304692316,-0.029504376508485,0,1,0.1353837639088697,0.0689318858268401
CPU_AND_VIX_STRESS,PORTFOLIO_CONCENTRATION_FINAL,PRIMARY,8,3,True,-0.0329770664519952,-0.0169018887786807,-0.0179378418576793,-0.0329770664519952,-0.0169018887786807,0,0,0.3748687044781233,0.1474958278049425
CPU_AND_VIX_STRESS,PORTFOLIO_CONCENTRATION_FINAL,PRIMARY,9,3,True,-0.0349621901576521,-0.0141644702822936,-0.0150684171156861,-0.0349621901576521,-0.0141644702822936,0,1,0.4060378770507752,0.0532839160203423
CPU_AND_VIX_STRESS,PORTFOLIO_CONCENTRATION_FINAL,PRIMARY,10,3,True,-0.0416600621043286,-0.0180704537373547,-0.0192750371885408,-0.0416600621043286,-0.0180704537373547,0,1,0.4026167860919819,0.0585184561714499
CPU_AND_VIX_STRESS,PORTFOLIO_CONCENTRATION_FINAL,PRIMARY,11,3,True,-0.038221947183616,-0.0124547317282364,-0.0124547317282364,-0.038221947183616,-0.0157842604311241,0,1,0.5366651553735641,0.0823436819622198
CPU_AND_VIX_STRESS,PORTFOLIO_CONCENTRATION_FINAL,PRIMARY,12,3,False,-0.0236082088506178,0.0004702044777858,0.0004702044777858,-0.0236082088506178,-0.0037261684903131,0,0,0.9759089407894056,0.124821782369423
CPU_SHOCK,INTERNAL_FINANCIAL_CAPACITY,PRIMARY,0,3,True,-0.002240102117385,-0.0017334435137553,-0.002240102117385,-0.0020738461979262,-0.0017334435137553,0,0,0.5097993620162414,0.3640228584223945
CPU_SHOCK,INTERNAL_FINANCIAL_CAPACITY,PRIMARY,1,3,True,0.0011497760151805,0.0015416160410961,0.0011497760151805,0.0015416160410961,0.0011914402014238,0,0,0.7102465347369002,0.6784456313917916
CPU_SHOCK,INTERNAL_FINANCIAL_CAPACITY,PRIMARY,2,3,True,0.0005040311951723,0.0013262848668125,0.0010399185684899,0.0013262848668125,0.0005040311951723,0,0,0.8725831084373475,0.7471010671217534
CPU_SHOCK,INTERNAL_FINANCIAL_CAPACITY,PRIMARY,3,3,True,0.0012034633177,0.0034728776028596,0.0012034633177,0.0021025363605954,0.0034728776028596,0,0,0.7601855236361419,0.396868886753483
CPU_SHOCK,INTERNAL_FINANCIAL_CAPACITY,PRIMARY,4,3,True,0.0067707057193102,0.0087829624710308,0.0075015764135467,0.0067707057193102,0.0087829624710308,0,0,0.2574763009441912,0.1346762748958231
CPU_SHOCK,INTERNAL_FINANCIAL_CAPACITY,PRIMARY,5,3,True,0.0056817209275999,0.0072549116090714,0.0057776744169457,0.0056817209275999,0.0072549116090714,0,0,0.3854974756514709,0.2648133765806715
CPU_SHOCK,INTERNAL_FINANCIAL_CAPACITY,PRIMARY,6,3,True,0.004470569914285,0.0053153610083679,0.0046810533799172,0.004470569914285,0.0053153610083679,0,0,0.5506554780052273,0.47517293305129
CPU_SHOCK,INTERNAL_FINANCIAL_CAPACITY,PRIMARY,7,3,True,0.0047948845159661,0.0069262400225644,0.0047948845159661,0.0052988939034224,0.0069262400225644,0,0,0.5122936670595981,0.428381050109421
CPU_SHOCK,INTERNAL_FINANCIAL_CAPACITY,PRIMARY,8,3,True,0.0058719760405661,0.0085286068243559,0.006147855494199,0.0058719760405661,0.0085286068243559,0,0,0.5159620309392139,0.4084883527863442
CPU_SHOCK,INTERNAL_FINANCIAL_CAPACITY,PRIMARY,9,3,True,0.0075889165164723,0.0100219694827403,0.0078112340449932,0.0075889165164723,0.0100219694827403,0,0,0.3669687915191032,0.2483642578558837
CPU_SHOCK,INTERNAL_FINANCIAL_CAPACITY,PRIMARY,10,3,True,0.0081175818314483,0.011939546102936,0.0081175818314483,0.0081663759102881,0.011939546102936,0,0,0.3366754166490303,0.1886566777653179
CPU_SHOCK,INTERNAL_FINANCIAL_CAPACITY,PRIMARY,11,3,True,0.0074789312400964,0.0129511599787533,0.0082600542097259,0.0074789312400964,0.0129511599787533,0,1,0.319646215533893,0.0765182020606186
CPU_SHOCK,INTERNAL_FINANCIAL_CAPACITY,PRIMARY,12,3,True,0.0031725358387913,0.0061339073846486,0.0041057012415699,0.0031725358387913,0.0061339073846486,0,0,0.6877877186854718,0.319327407133779
CPU_SHOCK,PORTFOLIO_CONCENTRATION_FINAL,PRIMARY,0,3,True,0.0006566028766766,0.0011516360798008,0.0011010603114846,0.0006566028766766,0.0011516360798008,0,0,0.7156738728056454,0.4854328226945097
CPU_SHOCK,PORTFOLIO_CONCENTRATION_FINAL,PRIMARY,1,3,True,0.0024687878736419,0.0027641851508092,0.0025678388815438,0.0027641851508092,0.0024687878736419,0,0,0.4190333691008525,0.2513454817692283
CPU_SHOCK,PORTFOLIO_CONCENTRATION_FINAL,PRIMARY,2,3,True,0.0030708095364287,0.0045739492206701,0.0045739492206701,0.0030708095364287,0.0041575267761332,0,0,0.3964024297799672,0.2233538567265535
CPU_SHOCK,PORTFOLIO_CONCENTRATION_FINAL,PRIMARY,3,3,True,0.0010104321990612,0.0013270516926695,0.0010104321990612,0.0013270516926695,0.0010285183536351,0,0,0.8111044725808795,0.7136272166471376
CPU_SHOCK,PORTFOLIO_CONCENTRATION_FINAL,PRIMARY,4,3,True,0.0021342832765916,0.0030637868764584,0.0024237496651606,0.0030637868764584,0.0021342832765916,0,0,0.5335934397639641,0.4369821451626883
CPU_SHOCK,PORTFOLIO_CONCENTRATION_FINAL,PRIMARY,5,3,True,0.0052974128862156,0.0083516174057939,0.0083516174057939,0.0052974128862156,0.0078054498376622,0,2,0.2670667239940802,0.0598326825179603
CPU_SHOCK,PORTFOLIO_CONCENTRATION_FINAL,PRIMARY,6,3,True,0.0024007732992108,0.0057857117602551,0.0054417071254002,0.0024007732992108,0.0057857117602551,0,0,0.5702012622265004,0.3079286236136647
CPU_SHOCK,PORTFOLIO_CONCENTRATION_FINAL,PRIMARY,7,3,True,0.0066674588071104,0.0130582109694523,0.0122983429528912,0.0066674588071104,0.0130582109694523,1,2,0.2339303276604184,0.038291324997718
CPU_SHOCK,PORTFOLIO_CONCENTRATION_FINAL,PRIMARY,8,3,True,0.0088201460702775,0.0114777884052391,0.0099687341093279,0.0088201460702775,0.0114777884052391,0,1,0.186082678606295,0.0964583350322231
CPU_SHOCK,PORTFOLIO_CONCENTRATION_FINAL,PRIMARY,9,3,True,0.0085545908493511,0.0102431335438295,0.0093972325922244,0.0085545908493511,0.0102431335438295,0,1,0.2387067250457109,0.0964789131786608
CPU_SHOCK,PORTFOLIO_CONCENTRATION_FINAL,PRIMARY,10,3,True,0.0096492203468032,0.0110259809679704,0.0096492203468032,0.0110259809679704,0.010057549388597,0,0,0.1712191640176927,0.1576793258633746
CPU_SHOCK,PORTFOLIO_CONCENTRATION_FINAL,PRIMARY,11,3,True,0.0094940415959101,0.0175061059472816,0.0094940415959101,0.0175061059472816,0.0105975468064972,0,0,0.2421357127049612,0.1231279949572424
CPU_SHOCK,PORTFOLIO_CONCENTRATION_FINAL,PRIMARY,12,3,True,0.0154329099976895,0.0213279916164689,0.0154329099976895,0.0213279916164689,0.0170126663379272,0,0,0.1423656583061362,0.1081485976034927
CPU_VIX_CONTINUOUS,EXTENDED_ARCHITECTURE_RISK_FINAL,COMPOSITE_ROBUSTNESS,0,3,True,-0.0148904259906913,-0.0133362981292895,-0.0146895925929143,-0.0148904259906913,-0.0133362981292895,3,3,0.0429783825611258,0.0118697811102778
CPU_VIX_CONTINUOUS,EXTENDED_ARCHITECTURE_RISK_FINAL,COMPOSITE_ROBUSTNESS,1,3,True,-0.0211124888495935,-0.0199298067935819,-0.0211124888495935,-0.0209201846531434,-0.0199298067935819,0,1,0.1105346440494352,0.0826472190654653
CPU_VIX_CONTINUOUS,EXTENDED_ARCHITECTURE_RISK_FINAL,COMPOSITE_ROBUSTNESS,2,3,True,-0.0250675475735218,-0.0196217995200188,-0.0228658254751553,-0.0250675475735218,-0.0196217995200188,0,0,0.2718258639110241,0.2139642859957909
CPU_VIX_CONTINUOUS,EXTENDED_ARCHITECTURE_RISK_FINAL,COMPOSITE_ROBUSTNESS,3,3,True,-0.0214098611463157,-0.0145449434377723,-0.0192625374559608,-0.0214098611463157,-0.0145449434377723,0,0,0.4666625588517126,0.3823258919237794
CPU_VIX_CONTINUOUS,EXTENDED_ARCHITECTURE_RISK_FINAL,COMPOSITE_ROBUSTNESS,4,3,True,-0.0277690607445298,-0.0168265914612345,-0.0234000417439153,-0.0277690607445298,-0.0168265914612345,0,0,0.4724355107440248,0.3207186870110641
CPU_VIX_CONTINUOUS,EXTENDED_ARCHITECTURE_RISK_FINAL,COMPOSITE_ROBUSTNESS,5,3,True,-0.0424803949860319,-0.0278285130723019,-0.0352304935246135,-0.0424803949860319,-0.0278285130723019,0,0,0.3731649321189769,0.2396051387656113
CPU_VIX_CONTINUOUS,EXTENDED_ARCHITECTURE_RISK_FINAL,COMPOSITE_ROBUSTNESS,6,3,True,-0.0445228485578194,-0.0308685313059872,-0.0365535824506552,-0.0445228485578194,-0.0308685313059872,0,0,0.4325260349022015,0.3259422278754077
CPU_VIX_CONTINUOUS,EXTENDED_ARCHITECTURE_RISK_FINAL,COMPOSITE_ROBUSTNESS,7,3,True,-0.0507252971451228,-0.0386347761533822,-0.0423311356209142,-0.0507252971451228,-0.0386347761533822,0,0,0.3880245435983615,0.3156845852555904
CPU_VIX_CONTINUOUS,EXTENDED_ARCHITECTURE_RISK_FINAL,COMPOSITE_ROBUSTNESS,8,3,True,-0.0496962016310433,-0.0373260119133196,-0.0441427317433701,-0.0496962016310433,-0.0373260119133196,0,0,0.3287760630254542,0.2494894754675253
CPU_VIX_CONTINUOUS,EXTENDED_ARCHITECTURE_RISK_FINAL,COMPOSITE_ROBUSTNESS,9,3,True,-0.0708837866418377,-0.0707017063176107,-0.0708837866418377,-0.0707017063176107,-0.0707146422061603,1,3,0.0868255187193259,0.0418533114316172
CPU_VIX_CONTINUOUS,EXTENDED_ARCHITECTURE_RISK_FINAL,COMPOSITE_ROBUSTNESS,10,3,True,-0.0939712498656594,-0.0839563489796687,-0.088288728945933,-0.0839563489796687,-0.0939712498656594,1,3,0.0922066021289365,0.0202498668914928
CPU_VIX_CONTINUOUS,EXTENDED_ARCHITECTURE_RISK_FINAL,COMPOSITE_ROBUSTNESS,11,3,True,-0.1122097188066456,-0.0990254973815641,-0.1046989456728572,-0.0990254973815641,-0.1122097188066456,1,3,0.0828530572720081,0.0158102230972452
CPU_VIX_CONTINUOUS,EXTENDED_ARCHITECTURE_RISK_FINAL,COMPOSITE_ROBUSTNESS,12,3,True,-0.0981932679967562,-0.0823996878702785,-0.0873205004602706,-0.0823996878702785,-0.0981932679967562,1,1,0.1817715474073283,0.0431741848391662
CPU_VIX_CONTINUOUS,EXTERNAL_FINANCING_DEPENDENCE,PRIMARY,0,3,True,-0.0067988101151572,-0.0056401056183474,-0.0065355912218848,-0.0067988101151572,-0.0056401056183474,3,3,0.0250597493539908,0.0044495389718505
CPU_VIX_CONTINUOUS,EXTERNAL_FINANCING_DEPENDENCE,PRIMARY,1,3,True,-0.0097780740709165,-0.0088052032047262,-0.0093820527028411,-0.0097780740709165,-0.0088052032047262,0,2,0.1033833420130934,0.0868626070348701
CPU_VIX_CONTINUOUS,EXTERNAL_FINANCING_DEPENDENCE,PRIMARY,2,3,True,-0.0108654230917227,-0.0085765720760418,-0.0093920355494728,-0.0108654230917227,-0.0085765720760418,0,0,0.2744483486957223,0.2367959410916623
CPU_VIX_CONTINUOUS,EXTERNAL_FINANCING_DEPENDENCE,PRIMARY,3,3,True,-0.0086885522733287,-0.0064087754616554,-0.00721527603054,-0.0086885522733287,-0.0064087754616554,0,0,0.474233462521448,0.4316374911351541
CPU_VIX_CONTINUOUS,EXTERNAL_FINANCING_DEPENDENCE,PRIMARY,4,3,True,-0.0109156967596711,-0.0068309861380438,-0.0079222960086341,-0.0109156967596711,-0.0068309861380438,0,0,0.5052907169910956,0.373876262532866
CPU_VIX_CONTINUOUS,EXTERNAL_FINANCING_DEPENDENCE,PRIMARY,5,3,True,-0.015353267900446,-0.0091775369753838,-0.0104781900711266,-0.015353267900446,-0.0091775369753838,0,0,0.4632587524174591,0.3016833861098757
CPU_VIX_CONTINUOUS,EXTERNAL_FINANCING_DEPENDENCE,PRIMARY,6,3,True,-0.0141578692051197,-0.0080870083352397,-0.0086390866060216,-0.0141578692051197,-0.0080870083352397,0,0,0.59125877416257,0.41427577073318
CPU_VIX_CONTINUOUS,EXTERNAL_FINANCING_DEPENDENCE,PRIMARY,7,3,True,-0.0152229995171973,-0.0090609408491557,-0.0090609408491557,-0.0152229995171973,-0.0095187495261132,0,0,0.5974795515743011,0.4130375414294431
CPU_VIX_CONTINUOUS,EXTERNAL_FINANCING_DEPENDENCE,PRIMARY,8,3,True,-0.0151184983337605,-0.0095047631548136,-0.0102390076420874,-0.0151184983337605,-0.0095047631548136,0,0,0.493772760069937,0.3416325115428931
CPU_VIX_CONTINUOUS,EXTERNAL_FINANCING_DEPENDENCE,PRIMARY,9,3,True,-0.0252402462877009,-0.0235740969837061,-0.0235740969837061,-0.0252402462877009,-0.0251033231578236,2,3,0.0684876092964865,0.0215121871201652
CPU_VIX_CONTINUOUS,EXTERNAL_FINANCING_DEPENDENCE,PRIMARY,10,3,True,-0.035009770725141,-0.0310886777903186,-0.0319489841910741,-0.0310886777903186,-0.035009770725141,2,3,0.0677930289721904,0.0080205621984649
CPU_VIX_CONTINUOUS,EXTERNAL_FINANCING_DEPENDENCE,PRIMARY,11,3,True,-0.0444345288880036,-0.0384833416365187,-0.0406268387312509,-0.0384833416365187,-0.0444345288880036,2,3,0.0521335833217164,0.0039975100192335
CPU_VIX_CONTINUOUS,EXTERNAL_FINANCING_DEPENDENCE,PRIMARY,12,3,True,-0.0371359792950712,-0.0298377224735644,-0.0321143037263169,-0.0298377224735644,-0.0371359792950712,1,2,0.1628637756596869,0.0213603575004981
CPU_VIX_CONTINUOUS,FINANCIAL_ARCHITECTURE_RISK_FINAL,COMPOSITE_ROBUSTNESS,0,3,True,-0.0136985160522789,-0.0118935572395257,-0.0131688490405455,-0.0136985160522789,-0.0118935572395257,3,3,0.0475148687022571,0.0118956537133364
CPU_VIX_CONTINUOUS,FINANCIAL_ARCHITECTURE_RISK_FINAL,COMPOSITE_ROBUSTNESS,1,3,True,-0.0177778404444451,-0.015706119051335,-0.0175474289760273,-0.0177778404444451,-0.015706119051335,0,0,0.1770989036564407,0.1321802979317703
CPU_VIX_CONTINUOUS,FINANCIAL_ARCHITECTURE_RISK_FINAL,COMPOSITE_ROBUSTNESS,2,3,True,-0.0239462749036457,-0.017174699891379,-0.021458445357582,-0.0239462749036457,-0.017174699891379,0,0,0.2756710625889998,0.1919049068195438
CPU_VIX_CONTINUOUS,FINANCIAL_ARCHITECTURE_RISK_FINAL,COMPOSITE_ROBUSTNESS,3,3,True,-0.0225552120524399,-0.0145024419742932,-0.0199272030655885,-0.0225552120524399,-0.0145024419742932,0,0,0.3997653826658282,0.311822414155493
CPU_VIX_CONTINUOUS,FINANCIAL_ARCHITECTURE_RISK_FINAL,COMPOSITE_ROBUSTNESS,4,3,True,-0.0287545109508746,-0.0163844825884114,-0.0239888257569705,-0.0287545109508746,-0.0163844825884114,0,0,0.4069296059830063,0.2630455998633907
CPU_VIX_CONTINUOUS,FINANCIAL_ARCHITECTURE_RISK_FINAL,COMPOSITE_ROBUSTNESS,5,3,True,-0.0388999668498004,-0.023453479273732,-0.0318131151342488,-0.0388999668498004,-0.023453479273732,0,0,0.3761445145812516,0.2418070900006651
CPU_VIX_CONTINUOUS,FINANCIAL_ARCHITECTURE_RISK_FINAL,COMPOSITE_ROBUSTNESS,6,3,True,-0.0396920126480136,-0.0251960378601208,-0.0320788837437098,-0.0396920126480136,-0.0251960378601208,0,0,0.4580029166487675,0.3388709234601124
CPU_VIX_CONTINUOUS,FINANCIAL_ARCHITECTURE_RISK_FINAL,COMPOSITE_ROBUSTNESS,7,3,True,-0.0449068989249944,-0.0302202992882848,-0.0358545184116344,-0.0449068989249944,-0.0302202992882848,0,0,0.4354844854307307,0.3294390777561946
CPU_VIX_CONTINUOUS,FINANCIAL_ARCHITECTURE_RISK_FINAL,COMPOSITE_ROBUSTNESS,8,3,True,-0.0457208139407406,-0.030740761297274,-0.0395219810528782,-0.0457208139407406,-0.030740761297274,0,0,0.3518165725317672,0.2464129129180415
CPU_VIX_CONTINUOUS,FINANCIAL_ARCHITECTURE_RISK_FINAL,COMPOSITE_ROBUSTNESS,9,3,True,-0.0668692192523831,-0.0635091399177409,-0.0655806752144963,-0.0668692192523831,-0.0635091399177409,1,3,0.0871875334988516,0.0475368210907867
CPU_VIX_CONTINUOUS,FINANCIAL_ARCHITECTURE_RISK_FINAL,COMPOSITE_ROBUSTNESS,10,3,True,-0.0872145358116224,-0.0796490429350951,-0.0833141656418986,-0.0796490429350951,-0.0872145358116224,1,3,0.0897993599792184,0.0228500219028221
CPU_VIX_CONTINUOUS,FINANCIAL_ARCHITECTURE_RISK_FINAL,COMPOSITE_ROBUSTNESS,11,3,True,-0.1065727639551715,-0.0936529167220519,-0.100978395350959,-0.0936529167220519,-0.1065727639551715,2,3,0.0826674567088805,0.0170174804047064
CPU_VIX_CONTINUOUS,FINANCIAL_ARCHITECTURE_RISK_FINAL,COMPOSITE_ROBUSTNESS,12,3,True,-0.0946729089650081,-0.0772034931243166,-0.0855223788986045,-0.0772034931243166,-0.0946729089650081,1,1,0.1813545152142128,0.0426678899307114
CPU_VIX_CONTINUOUS,GROWTH_DURATION_EXPOSURE_FINAL,PRIMARY,0,3,True,-0.0016738696249662,-0.0012549371157843,-0.0016738696249662,-0.0015816579538924,-0.0012549371157843,0,0,0.5217879269132524,0.4221936299801669
CPU_VIX_CONTINUOUS,GROWTH_DURATION_EXPOSURE_FINAL,PRIMARY,1,3,True,-0.0064391669031817,-0.0049570939605119,-0.0058771934904146,-0.0049570939605119,-0.0064391669031817,0,2,0.1960763762121998,0.0686701003766133
CPU_VIX_CONTINUOUS,GROWTH_DURATION_EXPOSURE_FINAL,PRIMARY,2,3,True,-0.0031101868903984,-0.0029907187890199,-0.0030758487305295,-0.0029907187890199,-0.0031101868903984,0,0,0.5112621688947004,0.4067225755425857
CPU_VIX_CONTINUOUS,GROWTH_DURATION_EXPOSURE_FINAL,PRIMARY,3,3,True,-0.0017907684653389,-0.0012642026918407,-0.001573741470984,-0.0017907684653389,-0.0012642026918407,0,0,0.78202730486207,0.7338897224104132
CPU_VIX_CONTINUOUS,GROWTH_DURATION_EXPOSURE_FINAL,PRIMARY,4,3,True,-0.0021081540920536,-0.0011469588161887,-0.0021081540920536,-0.002096968204362,-0.0011469588161887,0,0,0.8144282972985551,0.6738462048863924
CPU_VIX_CONTINUOUS,GROWTH_DURATION_EXPOSURE_FINAL,PRIMARY,5,3,True,-0.008661149650822,-0.0061716441448374,-0.0066790201786117,-0.008661149650822,-0.0061716441448374,0,0,0.2842046984630516,0.1951879429798533
CPU_VIX_CONTINUOUS,GROWTH_DURATION_EXPOSURE_FINAL,PRIMARY,6,3,True,-0.010059606955589,-0.0076673099031745,-0.0078978615843627,-0.010059606955589,-0.0076673099031745,0,0,0.2176057631546466,0.1711131543043085
CPU_VIX_CONTINUOUS,GROWTH_DURATION_EXPOSURE_FINAL,PRIMARY,7,3,True,-0.0110506377546375,-0.0096528601856268,-0.0102163128687989,-0.0110506377546375,-0.0096528601856268,0,0,0.1257117327547858,0.1084715242585587
CPU_VIX_CONTINUOUS,GROWTH_DURATION_EXPOSURE_FINAL,PRIMARY,8,3,True,-0.0086710320441596,-0.0062989409946768,-0.0075792804440413,-0.0086710320441596,-0.0062989409946768,0,0,0.2739987675832194,0.1659267700541896
CPU_VIX_CONTINUOUS,GROWTH_DURATION_EXPOSURE_FINAL,PRIMARY,9,3,True,-0.0086185230181641,-0.0049290455902425,-0.0060734908304376,-0.0086185230181641,-0.0049290455902425,0,1,0.3864781627089108,0.091063431900086
CPU_VIX_CONTINUOUS,GROWTH_DURATION_EXPOSURE_FINAL,PRIMARY,10,3,True,-0.0094361336308329,-0.004990055692652,-0.0056490495838942,-0.0094361336308329,-0.004990055692652,0,1,0.3994657453732257,0.0721604527852406
CPU_VIX_CONTINUOUS,GROWTH_DURATION_EXPOSURE_FINAL,PRIMARY,11,3,True,-0.0111785772443283,-0.0071872390462416,-0.0080078531054428,-0.0111785772443283,-0.0071872390462416,1,1,0.3076701517750846,0.0475740469667734
CPU_VIX_CONTINUOUS,GROWTH_DURATION_EXPOSURE_FINAL,PRIMARY,12,3,True,-0.0121687433597028,-0.0069500097518196,-0.0077437974625143,-0.0121687433597028,-0.0069500097518196,0,1,0.3287814176734787,0.0609165322149185
CPU_VIX_CONTINUOUS,INTERNAL_FINANCIAL_CAPACITY,PRIMARY,0,3,False,-0.0001344427696576,0.0002385405425645,-9.613480630344334e-05,-0.0001344427696576,0.0002385405425645,0,0,0.956718639679357,0.8885553564886197
CPU_VIX_CONTINUOUS,INTERNAL_FINANCIAL_CAPACITY,PRIMARY,1,3,True,-0.0015923821892724,-0.0012427008304419,-0.001578727704569,-0.0015923821892724,-0.0012427008304419,0,0,0.6867300399490684,0.6163164139984489
CPU_VIX_CONTINUOUS,INTERNAL_FINANCIAL_CAPACITY,PRIMARY,2,3,False,-0.0006573319168893,9.80337338452082e-05,-0.0006573319168893,-0.0004045202336212,9.80337338452082e-05,0,0,0.9792190482512388,0.8672611109194159
CPU_VIX_CONTINUOUS,INTERNAL_FINANCIAL_CAPACITY,PRIMARY,3,3,False,-0.0004387802099762,0.000321669433025,-0.0004387802099762,7.05880345351917e-05,0.000321669433025,0,0,0.9895935644491236,0.927258965954892
CPU_VIX_CONTINUOUS,INTERNAL_FINANCIAL_CAPACITY,PRIMARY,4,3,False,-0.0014748671564099,2.0456446571915337e-05,-0.0014748671564099,-0.00010475695812,2.0456446571915337e-05,0,0,0.9969447158531584,0.7680255243815288
CPU_VIX_CONTINUOUS,INTERNAL_FINANCIAL_CAPACITY,PRIMARY,5,3,True,-0.0070272938418142,-0.0054231812574164,-0.0070272938418142,-0.0054231812574164,-0.0061868966748766,0,0,0.3537842280605845,0.1871337511741738
CPU_VIX_CONTINUOUS,INTERNAL_FINANCIAL_CAPACITY,PRIMARY,6,3,True,-0.0082450852229758,-0.0070469678915647,-0.0082450852229758,-0.0070469678915647,-0.0077887961717344,0,0,0.2387734078109537,0.1393461129357623
CPU_VIX_CONTINUOUS,INTERNAL_FINANCIAL_CAPACITY,PRIMARY,7,3,True,-0.0091078071690152,-0.0077650579739721,-0.0091078071690152,-0.0077650579739721,-0.0080234513202455,0,1,0.1656107962698173,0.0907720820432121
CPU_VIX_CONTINUOUS,INTERNAL_FINANCIAL_CAPACITY,PRIMARY,8,3,True,-0.0068353501550235,-0.0058617653500155,-0.0068353501550235,-0.0059677146731201,-0.0058617653500155,0,0,0.2902799339578654,0.2201198866316907
CPU_VIX_CONTINUOUS,INTERNAL_FINANCIAL_CAPACITY,PRIMARY,9,3,True,-0.0037849038628449,-0.0015643900351573,-0.0029406282018934,-0.0037849038628449,-0.0015643900351573,0,0,0.8114209745920457,0.5639946733217104
CPU_VIX_CONTINUOUS,INTERNAL_FINANCIAL_CAPACITY,PRIMARY,10,3,False,-0.001985841231321,0.0021155412930586,3.073753012254531e-05,-0.001985841231321,0.0021155412930586,0,0,0.9965597918945354,0.7726235397395851
CPU_VIX_CONTINUOUS,INTERNAL_FINANCIAL_CAPACITY,PRIMARY,11,3,False,-0.0026399585631271,0.0002956438265262,-0.0022322353906089,-0.0026399585631271,0.0002956438265262,0,0,0.970729698316532,0.7181552440402597
CPU_VIX_CONTINUOUS,INTERNAL_FINANCIAL_CAPACITY,PRIMARY,12,3,True,-0.0034817924835048,-0.000424969707983,-0.0034817924835048,-0.0033595258068136,-0.000424969707983,0,0,0.9591581692660596,0.6714730072127926
CPU_VIX_CONTINUOUS,PORTFOLIO_CONCENTRATION_FINAL,PRIMARY,0,3,True,-0.0035946031778472,-0.0028120225213639,-0.0033958632930821,-0.0035946031778472,-0.0028120225213639,2,3,0.0963237282936089,0.0336972755676236
CPU_VIX_CONTINUOUS,PORTFOLIO_CONCENTRATION_FINAL,PRIMARY,1,3,True,-0.0065554396999963,-0.0059068145489635,-0.00647119867854,-0.0059068145489635,-0.0065554396999963,2,3,0.0940054406194466,0.0372182154495684
CPU_VIX_CONTINUOUS,PORTFOLIO_CONCENTRATION_FINAL,PRIMARY,2,3,True,-0.0050925577871329,-0.0047680807214058,-0.0049245743630484,-0.0047680807214058,-0.0050925577871329,0,0,0.3723931978181223,0.2603736237964303
CPU_VIX_CONTINUOUS,PORTFOLIO_CONCENTRATION_FINAL,PRIMARY,3,3,True,-0.003119150022041,-0.0022962808634609,-0.0029108004838692,-0.0022962808634609,-0.003119150022041,0,0,0.709041355329724,0.5305830515831287
CPU_VIX_CONTINUOUS,PORTFOLIO_CONCENTRATION_FINAL,PRIMARY,4,3,True,-0.0036482283086946,-0.0027860054237312,-0.0036482283086946,-0.0027860054237312,-0.0030081466792436,0,0,0.6681421747487231,0.5280995039128858
CPU_VIX_CONTINUOUS,PORTFOLIO_CONCENTRATION_FINAL,PRIMARY,5,3,True,-0.0070059732232171,-0.0065291063075016,-0.0069187251792656,-0.0070059732232171,-0.0065291063075016,0,0,0.3962761039503542,0.3087703814385014
CPU_VIX_CONTINUOUS,PORTFOLIO_CONCENTRATION_FINAL,PRIMARY,6,3,True,-0.0069899508378216,-0.0057081514838985,-0.0058687126776814,-0.0069899508378216,-0.0057081514838985,0,0,0.4676305450229422,0.4343561149320867
CPU_VIX_CONTINUOUS,PORTFOLIO_CONCENTRATION_FINAL,PRIMARY,7,3,True,-0.0074762997371909,-0.0069145493309185,-0.0069145493309185,-0.0074762997371909,-0.0074191388217711,0,0,0.4480425940630242,0.2901296536585005
CPU_VIX_CONTINUOUS,PORTFOLIO_CONCENTRATION_FINAL,PRIMARY,8,3,True,-0.0061578296183211,-0.0040687077017597,-0.004743631712823,-0.0061578296183211,-0.0040687077017597,0,0,0.5066127602214773,0.4453299068564613
CPU_VIX_CONTINUOUS,PORTFOLIO_CONCENTRATION_FINAL,PRIMARY,9,3,True,-0.0111929845539549,-0.0062170939333357,-0.0074549491881197,-0.0111929845539549,-0.0062170939333357,1,1,0.256743397977266,0.0456386530545214
CPU_VIX_CONTINUOUS,PORTFOLIO_CONCENTRATION_FINAL,PRIMARY,10,3,True,-0.0142555430562629,-0.0088266013079892,-0.0090361297921843,-0.0142555430562629,-0.0088266013079892,1,1,0.1612124281261887,0.026637232296457
CPU_VIX_CONTINUOUS,PORTFOLIO_CONCENTRATION_FINAL,PRIMARY,11,3,True,-0.0201162956861806,-0.0129549470817148,-0.0129549470817148,-0.0201162956861806,-0.0134332428172536,1,3,0.0912501945390251,0.0106631274264114
CPU_VIX_CONTINUOUS,PORTFOLIO_CONCENTRATION_FINAL,PRIMARY,12,3,True,-0.0166717264174672,-0.0096213293864217,-0.0096213293864217,-0.0166717264174672,-0.0105450017060333,1,1,0.2155112757420095,0.043864967958771
EXTREME_CPU_REGIME,EXTENDED_ARCHITECTURE_RISK_FINAL,COMPOSITE_ROBUSTNESS,0,3,True,0.0051408565469425,0.0124969556976585,0.0124969556976585,0.0110976445034854,0.0051408565469425,0,0,0.6546659794212732,0.3331103768778693
EXTREME_CPU_REGIME,EXTENDED_ARCHITECTURE_RISK_FINAL,COMPOSITE_ROBUSTNESS,1,3,True,0.0068275941605101,0.0305400671861406,0.0305400671861406,0.0276433648776269,0.0068275941605101,0,0,0.7745840589116575,0.2372330390961086
EXTREME_CPU_REGIME,EXTENDED_ARCHITECTURE_RISK_FINAL,COMPOSITE_ROBUSTNESS,2,3,True,0.0147149403090913,0.0505440548743393,0.0505440548743393,0.0469968814508742,0.0147149403090913,0,0,0.5588676712888947,0.1704654026127367
EXTREME_CPU_REGIME,EXTENDED_ARCHITECTURE_RISK_FINAL,COMPOSITE_ROBUSTNESS,3,3,True,0.0119993524770529,0.0689859141449991,0.0689859141449991,0.0637055070782423,0.0119993524770529,0,0,0.738578764390879,0.1877572491498993
EXTREME_CPU_REGIME,EXTENDED_ARCHITECTURE_RISK_FINAL,COMPOSITE_ROBUSTNESS,4,3,True,0.0284301560396372,0.0971596255206743,0.0971596255206743,0.088767899892276,0.0284301560396372,0,0,0.5118762750408825,0.1300379416560841
EXTREME_CPU_REGIME,EXTENDED_ARCHITECTURE_RISK_FINAL,COMPOSITE_ROBUSTNESS,5,3,True,0.0521341084466188,0.1266367779992973,0.1266367779992973,0.1137696781022683,0.0521341084466188,0,1,0.2775809499368284,0.083199329368396
EXTREME_CPU_REGIME,EXTENDED_ARCHITECTURE_RISK_FINAL,COMPOSITE_ROBUSTNESS,6,3,True,0.0655901634360907,0.1415798327791421,0.1415798327791421,0.12388373134021,0.0655901634360907,0,1,0.2119472443850523,0.0773979968006607
EXTREME_CPU_REGIME,EXTENDED_ARCHITECTURE_RISK_FINAL,COMPOSITE_ROBUSTNESS,7,3,True,0.0684498455615146,0.1531201561412362,0.1531201561412362,0.1310865394383701,0.0684498455615146,0,1,0.2608533715424753,0.0771638764673028
EXTREME_CPU_REGIME,EXTENDED_ARCHITECTURE_RISK_FINAL,COMPOSITE_ROBUSTNESS,8,3,True,0.0936720354439732,0.1686526085726433,0.1686526085726433,0.1449087903294668,0.0936720354439732,0,1,0.1819610371387934,0.0593695256979561
EXTREME_CPU_REGIME,EXTENDED_ARCHITECTURE_RISK_FINAL,COMPOSITE_ROBUSTNESS,9,3,True,0.1085512630328085,0.1683986624074407,0.1683986624074407,0.1432304950874524,0.1085512630328085,0,1,0.2059069756979439,0.0702060655042747
EXTREME_CPU_REGIME,EXTENDED_ARCHITECTURE_RISK_FINAL,COMPOSITE_ROBUSTNESS,10,3,True,0.1060406157861725,0.154967247947997,0.154967247947997,0.1314027884128399,0.1060406157861725,0,1,0.244521488840462,0.0909969410147705
EXTREME_CPU_REGIME,EXTENDED_ARCHITECTURE_RISK_FINAL,COMPOSITE_ROBUSTNESS,11,3,True,0.1134846471805515,0.1432462258945881,0.1432462258945881,0.1238381272818454,0.1134846471805515,0,0,0.3131041840615411,0.1565752082051939
EXTREME_CPU_REGIME,EXTENDED_ARCHITECTURE_RISK_FINAL,COMPOSITE_ROBUSTNESS,12,3,True,0.0763317215113618,0.1070505388176069,0.1070505388176069,0.0926322679952263,0.0763317215113618,0,0,0.4582839653032342,0.2879791006686495
EXTREME_CPU_REGIME,EXTERNAL_FINANCING_DEPENDENCE,PRIMARY,0,3,True,0.0035442588720111,0.0068787523222196,0.0068787523222196,0.0058699871728793,0.0035442588720111,0,0,0.4937482767577182,0.2444569806128439
EXTREME_CPU_REGIME,EXTERNAL_FINANCING_DEPENDENCE,PRIMARY,1,3,True,0.0030231606399742,0.0150810360465502,0.0150810360465502,0.0133427247649473,0.0030231606399742,0,0,0.7731180776400244,0.207162323214962
EXTREME_CPU_REGIME,EXTERNAL_FINANCING_DEPENDENCE,PRIMARY,2,3,True,0.0094580575625385,0.0267852245493589,0.0267852245493589,0.023826899891244,0.0094580575625385,0,0,0.4326642629447774,0.1279845496566461
EXTREME_CPU_REGIME,EXTERNAL_FINANCING_DEPENDENCE,PRIMARY,3,3,True,0.0124690127508926,0.0380162946749868,0.0380162946749868,0.03369054616154,0.0124690127508926,0,0,0.4713420354838473,0.1287843751236685
EXTREME_CPU_REGIME,EXTERNAL_FINANCING_DEPENDENCE,PRIMARY,4,3,True,0.0227591064984863,0.0527979038727596,0.0527979038727596,0.0461144749763861,0.0227591064984863,0,1,0.2511967602526879,0.0840237733126532
EXTREME_CPU_REGIME,EXTERNAL_FINANCING_DEPENDENCE,PRIMARY,5,3,True,0.0303923804593198,0.066601079580413,0.066601079580413,0.0577804857612574,0.0303923804593198,0,1,0.1697448951233883,0.059260758577404
EXTREME_CPU_REGIME,EXTERNAL_FINANCING_DEPENDENCE,PRIMARY,6,3,True,0.0395437133563546,0.076784476376396,0.076784476376396,0.0660554231949407,0.0395437133563546,1,1,0.1466200443815822,0.0421805548609597
EXTREME_CPU_REGIME,EXTERNAL_FINANCING_DEPENDENCE,PRIMARY,7,3,True,0.0433999209667057,0.0850564683887697,0.0850564683887697,0.0712649746015674,0.0433999209667057,1,1,0.1352974681164009,0.0295661546929241
EXTREME_CPU_REGIME,EXTERNAL_FINANCING_DEPENDENCE,PRIMARY,8,3,True,0.0580503957818596,0.0930408117323586,0.0930408117323586,0.0789168298190849,0.0580503957818596,2,3,0.0964607137700075,0.0162815303507201
EXTREME_CPU_REGIME,EXTERNAL_FINANCING_DEPENDENCE,PRIMARY,9,3,True,0.0636379688915375,0.0920685328102369,0.0920685328102369,0.0769340542997135,0.0636379688915375,1,2,0.1100889494022619,0.0181936166966536
EXTREME_CPU_REGIME,EXTERNAL_FINANCING_DEPENDENCE,PRIMARY,10,3,True,0.0596899528134212,0.0838871607940214,0.0838871607940214,0.0709562648669213,0.0596899528134212,1,2,0.1274525775128014,0.0243603029276775
EXTREME_CPU_REGIME,EXTERNAL_FINANCING_DEPENDENCE,PRIMARY,11,3,True,0.0636615992337255,0.0779529481172258,0.0779529481172258,0.0667051590467751,0.0636615992337255,0,1,0.1973545989155665,0.0673330870511152
EXTREME_CPU_REGIME,EXTERNAL_FINANCING_DEPENDENCE,PRIMARY,12,3,True,0.041865896367972,0.0591236977220088,0.0591236977220088,0.0509049302888949,0.041865896367972,0,0,0.3130762837127857,0.1409525394149818
EXTREME_CPU_REGIME,FINANCIAL_ARCHITECTURE_RISK_FINAL,COMPOSITE_ROBUSTNESS,0,3,True,0.0099886612705616,0.0150302481350976,0.0150302481350976,0.0139995062050835,0.0099886612705616,0,0,0.3283715287859341,0.1674226232405282
EXTREME_CPU_REGIME,FINANCIAL_ARCHITECTURE_RISK_FINAL,COMPOSITE_ROBUSTNESS,1,3,True,0.0089437856237905,0.0313244378691429,0.0313244378691429,0.0288449532472348,0.0089437856237905,0,0,0.6384430573532445,0.1362578403863035
EXTREME_CPU_REGIME,FINANCIAL_ARCHITECTURE_RISK_FINAL,COMPOSITE_ROBUSTNESS,2,3,True,0.0178158393543746,0.0524054819170101,0.0524054819170101,0.0492289005343516,0.0178158393543746,0,1,0.3927483471419743,0.0828457256307394
EXTREME_CPU_REGIME,FINANCIAL_ARCHITECTURE_RISK_FINAL,COMPOSITE_ROBUSTNESS,3,3,True,0.0157491548054181,0.0718063105773399,0.0718063105773399,0.0669574526755253,0.0157491548054181,0,1,0.588017844036517,0.0919489927203218
EXTREME_CPU_REGIME,FINANCIAL_ARCHITECTURE_RISK_FINAL,COMPOSITE_ROBUSTNESS,4,3,True,0.035870210213395,0.1003056336734003,0.1003056336734003,0.0928939271426491,0.035870210213395,0,1,0.2993790123383106,0.0512511604546944
EXTREME_CPU_REGIME,FINANCIAL_ARCHITECTURE_RISK_FINAL,COMPOSITE_ROBUSTNESS,5,3,True,0.0589095751457626,0.1268547176725998,0.1268547176725998,0.1169276221173464,0.0589095751457626,1,2,0.1275569029989193,0.0293779939266312
EXTREME_CPU_REGIME,FINANCIAL_ARCHITECTURE_RISK_FINAL,COMPOSITE_ROBUSTNESS,6,3,True,0.0651365396166976,0.140299167379905,0.140299167379905,0.1283081255728836,0.0651365396166976,1,2,0.1253495634031338,0.0280770836703156
EXTREME_CPU_REGIME,FINANCIAL_ARCHITECTURE_RISK_FINAL,COMPOSITE_ROBUSTNESS,7,3,True,0.0765977740522509,0.1565269893988723,0.1565269893988723,0.1396880355761136,0.0765977740522509,1,2,0.1268532992565657,0.0225930217162343
EXTREME_CPU_REGIME,FINANCIAL_ARCHITECTURE_RISK_FINAL,COMPOSITE_ROBUSTNESS,8,3,True,0.0983473562726612,0.1738863547330989,0.1738863547330989,0.1540451722780963,0.0983473562726612,1,3,0.0818831320123598,0.0150171966194163
EXTREME_CPU_REGIME,FINANCIAL_ARCHITECTURE_RISK_FINAL,COMPOSITE_ROBUSTNESS,9,3,True,0.1191072324364285,0.1818362053596742,0.1818362053596742,0.1598598265495088,0.1191072324364285,1,3,0.0923319214308141,0.0169641847750909
EXTREME_CPU_REGIME,FINANCIAL_ARCHITECTURE_RISK_FINAL,COMPOSITE_ROBUSTNESS,10,3,True,0.1201326679991304,0.1749160377067665,0.1749160377067665,0.153042976670759,0.1201326679991304,1,2,0.1186267017521386,0.0246343832250737
EXTREME_CPU_REGIME,FINANCIAL_ARCHITECTURE_RISK_FINAL,COMPOSITE_ROBUSTNESS,11,3,True,0.1347328479427552,0.1708614531114225,0.1708614531114225,0.1497726758384058,0.1347328479427552,1,2,0.1656063716986299,0.0486956962258956
EXTREME_CPU_REGIME,FINANCIAL_ARCHITECTURE_RISK_FINAL,COMPOSITE_ROBUSTNESS,12,3,True,0.0982371329435578,0.1386994802387376,0.1386994802387376,0.1214773570213359,0.0982371329435578,0,0,0.2881293599414674,0.1279760179242123
EXTREME_CPU_REGIME,GROWTH_DURATION_EXPOSURE_FINAL,PRIMARY,0,3,True,-0.0069867302450722,-0.0056594873346136,-0.0056594873346136,-0.0058879294650572,-0.0069867302450722,0,0,0.1853532422831896,0.1256194520256468
EXTREME_CPU_REGIME,GROWTH_DURATION_EXPOSURE_FINAL,PRIMARY,1,3,True,-0.0073068424031501,-0.0053273843985511,-0.0073068424031501,-0.0070613552139946,-0.0053273843985511,0,0,0.5631285637695149,0.3376628512034102
EXTREME_CPU_REGIME,GROWTH_DURATION_EXPOSURE_FINAL,PRIMARY,2,3,True,-0.011535452335537,-0.0074378130378739,-0.011535452335537,-0.0109881537075816,-0.0074378130378739,0,0,0.4872059874749396,0.1792124564282269
EXTREME_CPU_REGIME,GROWTH_DURATION_EXPOSURE_FINAL,PRIMARY,3,3,True,-0.0169023102983021,-0.0098554620643519,-0.0162464291076547,-0.0169023102983021,-0.0098554620643519,0,1,0.196065984467107,0.0819264849499427
EXTREME_CPU_REGIME,GROWTH_DURATION_EXPOSURE_FINAL,PRIMARY,4,3,True,-0.024124408938478,-0.0158510975659553,-0.0216716455156839,-0.024124408938478,-0.0158510975659553,0,3,0.0854610195820723,0.061577624900958
EXTREME_CPU_REGIME,GROWTH_DURATION_EXPOSURE_FINAL,PRIMARY,5,3,True,-0.0278568423579106,-0.0204141881168553,-0.0244505709987292,-0.0278568423579106,-0.0204141881168553,1,3,0.0857027709105584,0.0125449251351489
EXTREME_CPU_REGIME,GROWTH_DURATION_EXPOSURE_FINAL,PRIMARY,6,3,True,-0.0301034467941933,-0.0177836873666507,-0.0256547256534244,-0.0301034467941933,-0.0177836873666507,1,3,0.0989700192090729,0.0439560051297329
EXTREME_CPU_REGIME,GROWTH_DURATION_EXPOSURE_FINAL,PRIMARY,7,3,True,-0.0369656878005776,-0.0283967037091938,-0.0317078219939072,-0.0369656878005776,-0.0283967037091938,2,3,0.0623372651032944,0.007330474896475
EXTREME_CPU_REGIME,GROWTH_DURATION_EXPOSURE_FINAL,PRIMARY,8,3,True,-0.0394604186101304,-0.0243712963949702,-0.0343511219028157,-0.0394604186101304,-0.0243712963949702,3,3,0.047304087122182,0.0311188626810259
EXTREME_CPU_REGIME,GROWTH_DURATION_EXPOSURE_FINAL,PRIMARY,9,3,True,-0.0510591229767588,-0.0332931596260453,-0.0454382946670369,-0.0510591229767588,-0.0332931596260453,3,3,0.0023382592138135,0.0005476250491367
EXTREME_CPU_REGIME,GROWTH_DURATION_EXPOSURE_FINAL,PRIMARY,10,3,True,-0.0574980631633167,-0.0381823504575497,-0.0523362912054156,-0.0574980631633167,-0.0381823504575497,3,3,0.0007539670678488,8.538787893979441e-06
EXTREME_CPU_REGIME,GROWTH_DURATION_EXPOSURE_FINAL,PRIMARY,11,3,True,-0.063484743611596,-0.0453469606875665,-0.0584321004737711,-0.063484743611596,-0.0453469606875665,3,3,0.0049597612303435,0.0003996055759113
EXTREME_CPU_REGIME,GROWTH_DURATION_EXPOSURE_FINAL,PRIMARY,12,3,True,-0.0672279591030702,-0.0445855007178807,-0.0634705368053676,-0.0672279591030702,-0.0445855007178807,3,3,0.0058595194668511,0.0003651754546876
EXTREME_CPU_REGIME,INTERNAL_FINANCIAL_CAPACITY,PRIMARY,0,3,True,-0.0074078433164877,-0.0065102873515605,-0.0074078433164877,-0.0069490413742989,-0.0065102873515605,1,2,0.1333968585195553,0.0493402787007596
EXTREME_CPU_REGIME,INTERNAL_FINANCIAL_CAPACITY,PRIMARY,1,3,True,-0.0125490212120959,-0.006488132113008,-0.0125490212120959,-0.011377642877051,-0.006488132113008,0,1,0.3930535203551711,0.0815822140754164
EXTREME_CPU_REGIME,INTERNAL_FINANCIAL_CAPACITY,PRIMARY,2,3,True,-0.0192796838304579,-0.008912726296,-0.0192796838304579,-0.0179194190152781,-0.008912726296,1,2,0.2560399578621404,0.0365033810809185
EXTREME_CPU_REGIME,INTERNAL_FINANCIAL_CAPACITY,PRIMARY,3,3,True,-0.0266918967915122,-0.0117595449326195,-0.0266918967915122,-0.0254589400155514,-0.0117595449326195,2,2,0.1022832343724316,0.0181566529506738
EXTREME_CPU_REGIME,INTERNAL_FINANCIAL_CAPACITY,PRIMARY,4,3,True,-0.0365416104396532,-0.0191676597570292,-0.0365416104396532,-0.0347264459942979,-0.0191676597570292,3,3,0.0355755644544802,0.007619704473537
EXTREME_CPU_REGIME,INTERNAL_FINANCIAL_CAPACITY,PRIMARY,5,3,True,-0.0441310532444191,-0.025031419465353,-0.0441310532444191,-0.0400775234525856,-0.025031419465353,3,3,0.0152575496054322,0.003319267385278
EXTREME_CPU_REGIME,INTERNAL_FINANCIAL_CAPACITY,PRIMARY,6,3,True,-0.0502287955732057,-0.0303091767002839,-0.0502287955732057,-0.0429370727176892,-0.0303091767002839,3,3,0.0186142653783745,0.0022308458138496
EXTREME_CPU_REGIME,INTERNAL_FINANCIAL_CAPACITY,PRIMARY,7,3,True,-0.0572741690917149,-0.0406110555782179,-0.0572741690917149,-0.0501448854238971,-0.0406110555782179,3,3,0.0108848754369388,0.0009372873870777
EXTREME_CPU_REGIME,INTERNAL_FINANCIAL_CAPACITY,PRIMARY,8,3,True,-0.0608444133778778,-0.0387949119804092,-0.0608444133778778,-0.0538475536984646,-0.0387949119804092,3,3,0.0120389853437053,0.0012350206543526
EXTREME_CPU_REGIME,INTERNAL_FINANCIAL_CAPACITY,PRIMARY,9,3,True,-0.072610975984937,-0.0511660176557711,-0.072610975984937,-0.0657656448496837,-0.0511660176557711,3,3,0.0012655301026369,2.1404567041658806e-05
EXTREME_CPU_REGIME,INTERNAL_FINANCIAL_CAPACITY,PRIMARY,10,3,True,-0.0779102408980427,-0.0572667470534234,-0.0779102408980427,-0.0727936691033644,-0.0572667470534234,3,3,0.000727053685788,1.0670583951522905e-06
EXTREME_CPU_REGIME,INTERNAL_FINANCIAL_CAPACITY,PRIMARY,11,3,True,-0.0803269067559673,-0.0613321585081843,-0.0803269067559673,-0.0787385844244533,-0.0613321585081843,3,3,0.0014999850642011,0.0001921097461339
EXTREME_CPU_REGIME,INTERNAL_FINANCIAL_CAPACITY,PRIMARY,12,3,True,-0.0822172354375126,-0.0582901459136804,-0.0822172354375126,-0.0816485240623289,-0.0582901459136804,3,3,0.0014381671688056,0.0003968201436053
EXTREME_CPU_REGIME,PORTFOLIO_CONCENTRATION_FINAL,PRIMARY,0,3,False,-0.0032117433580734,0.0001616062853554,4.612363728703599e-05,0.0001616062853554,-0.0032117433580734,0,0,0.9918447792121972,0.4444595949839721
EXTREME_CPU_REGIME,PORTFOLIO_CONCENTRATION_FINAL,PRIMARY,1,3,False,-0.0014928489073992,0.0042446802932234,0.003656809308514,0.0042446802932234,-0.0014928489073992,0,0,0.8715773883690833,0.6486414448528933
EXTREME_CPU_REGIME,PORTFOLIO_CONCENTRATION_FINAL,PRIMARY,2,3,True,0.0030444406354774,0.0078744427417173,0.0078744427417173,0.0074325202749771,0.0030444406354774,0,0,0.7541010498327213,0.4986451696644482
EXTREME_CPU_REGIME,PORTFOLIO_CONCENTRATION_FINAL,PRIMARY,3,3,True,0.0038775400363653,0.0105259507362312,0.0101136479911738,0.0105259507362312,0.0038775400363653,0,0,0.7197495610664584,0.531112734743222
EXTREME_CPU_REGIME,PORTFOLIO_CONCENTRATION_FINAL,PRIMARY,4,3,True,0.0033245706181375,0.014392595895416,0.0128758858132517,0.014392595895416,0.0033245706181375,0,0,0.8028086177717102,0.4976211325276413
EXTREME_CPU_REGIME,PORTFOLIO_CONCENTRATION_FINAL,PRIMARY,5,3,True,0.0033252350864973,0.0194176223626735,0.0186438823370263,0.0194176223626735,0.0033252350864973,0,0,0.8164871511151103,0.4345434756205048
EXTREME_CPU_REGIME,PORTFOLIO_CONCENTRATION_FINAL,PRIMARY,6,3,True,0.0148690655852814,0.0240914814877671,0.0240914814877671,0.0239949209645693,0.0148690655852814,0,0,0.3718227678457387,0.3477607027923023
EXTREME_CPU_REGIME,PORTFOLIO_CONCENTRATION_FINAL,PRIMARY,7,3,True,0.006414275024219,0.0232554326399898,0.0223537565476941,0.0232554326399898,0.006414275024219,0,0,0.71218017241942,0.4004644107731323
EXTREME_CPU_REGIME,PORTFOLIO_CONCENTRATION_FINAL,PRIMARY,8,3,True,0.0166147459725182,0.0258103065484325,0.0244010167719872,0.0258103065484325,0.0166147459725182,0,0,0.3491671103398482,0.326883319648166
EXTREME_CPU_REGIME,PORTFOLIO_CONCENTRATION_FINAL,PRIMARY,9,3,True,0.0115336051709897,0.0177333970603859,0.0167346952409256,0.0177333970603859,0.0115336051709897,0,0,0.5302967135900937,0.4384855871352119
EXTREME_CPU_REGIME,PORTFOLIO_CONCENTRATION_FINAL,PRIMARY,10,3,True,0.0071947138841849,0.0101597600871279,0.0094123881461039,0.0101597600871279,0.0071947138841849,0,0,0.6523900481311646,0.6020620842838559
EXTREME_CPU_REGIME,PORTFOLIO_CONCENTRATION_FINAL,PRIMARY,11,3,True,0.003391785463096,0.0062876740415642,0.003391785463096,0.0049767658811172,0.0062876740415642,0,0,0.8842621453115053,0.7639348291056759
EXTREME_CPU_REGIME,PORTFOLIO_CONCENTRATION_FINAL,PRIMARY,12,3,True,-0.0059960491599207,-0.0039964974702665,-0.0045315602461135,-0.0059960491599207,-0.0039964974702665,0,0,0.8372051543862348,0.818973448081514
