CHANNEL,CHANNEL_ROLE,SORT_METHOD,SAMPLE_DESIGN,N_MONTHS,DATE_START,DATE_END,N_HIGH_MIN,N_LOW_MIN,TEST,FOCAL,COEFFICIENT,STANDARD_ERROR,P_VALUE,CI_LOWER_95,CI_UPPER_95,NONSTATE_MEAN,STATE_MEAN,N_STATE_MONTHS,HOLM_P_PRIMARY_FAMILY,BH_Q_PRIMARY_FAMILY
EXTENDED_ARCHITECTURE_RISK_FINAL,COMPOSITE_ROBUSTNESS,MEDIAN_SPLIT,AVAILABLE_CROSS_SECTION,90,2018-07-31,2025-12-31,2,2,UNCONDITIONAL_HML_MEAN,CONST,2.010600495001798e-05,0.0022116103375027065,0.9927464392430236,-0.004314570604391761,0.004354782614291796,,,,,
EXTENDED_ARCHITECTURE_RISK_FINAL,COMPOSITE_ROBUSTNESS,MEDIAN_SPLIT,AVAILABLE_CROSS_SECTION,90,2018-07-31,2025-12-31,2,2,FACTOR_ADJUSTED_ALPHA,CONST,-0.0027255123858069153,0.002738877659326324,0.3196778246951528,-0.008093613956147874,0.0026425891845340433,,,,,
EXTENDED_ARCHITECTURE_RISK_FINAL,COMPOSITE_ROBUSTNESS,MEDIAN_SPLIT,AVAILABLE_CROSS_SECTION,90,2018-07-31,2025-12-31,2,2,CONTINUOUS_CPU_VIX_SENSITIVITY,CPU_Z_X_VIX_Z,-0.004854723777655261,0.0020714665506966204,0.019097782309440724,-0.00891472361220005,-0.0007947239431104714,,,,,
EXTENDED_ARCHITECTURE_RISK_FINAL,COMPOSITE_ROBUSTNESS,MEDIAN_SPLIT,AVAILABLE_CROSS_SECTION,90,2018-07-31,2025-12-31,2,2,CPU_AND_VIX_STRESS_RAW_INCREMENT,CPU_AND_VIX_STRESS,-0.00037172338888996756,0.004435680433178385,0.9332130517253552,-0.009065497284848628,0.008322050507068692,9.032042285145607e-05,-0.0002814029660385115,17.0,,
EXTENDED_ARCHITECTURE_RISK_FINAL,COMPOSITE_ROBUSTNESS,MEDIAN_SPLIT,AVAILABLE_CROSS_SECTION,90,2018-07-31,2025-12-31,2,2,CPU_AND_VIX_STRESS_ADJUSTED_INCREMENT,CPU_AND_VIX_STRESS,0.0021137444467460046,0.006896893404351708,0.7592409100385735,-0.011403918230995187,0.015631407124487195,,,17.0,,
EXTENDED_ARCHITECTURE_RISK_FINAL,COMPOSITE_ROBUSTNESS,MEDIAN_SPLIT,AVAILABLE_CROSS_SECTION,90,2018-07-31,2025-12-31,2,2,EXTREME_CPU_REGIME_RAW_INCREMENT,EXTREME_CPU_REGIME,0.0033294941969755306,0.005542193263521549,0.5480039155910066,-0.00753300499488721,0.01419199338883827,-0.000682787214411483,0.002646706982564048,19.0,,
EXTENDED_ARCHITECTURE_RISK_FINAL,COMPOSITE_ROBUSTNESS,MEDIAN_SPLIT,AVAILABLE_CROSS_SECTION,90,2018-07-31,2025-12-31,2,2,EXTREME_CPU_REGIME_ADJUSTED_INCREMENT,EXTREME_CPU_REGIME,0.004088084931417688,0.0056768718944314005,0.4714450475460378,-0.007038379526515525,0.015214549389350901,,,19.0,,
EXTENDED_ARCHITECTURE_RISK_FINAL,COMPOSITE_ROBUSTNESS,MEDIAN_SPLIT,BALANCED_COMMON_WINDOW,29,2023-08-31,2025-12-31,7,7,UNCONDITIONAL_HML_MEAN,CONST,-0.004222552431925249,0.004334932833154347,0.3300189885507764,-0.01271886466030795,0.0042737597964574514,,,,,
EXTENDED_ARCHITECTURE_RISK_FINAL,COMPOSITE_ROBUSTNESS,MEDIAN_SPLIT,BALANCED_COMMON_WINDOW,29,2023-08-31,2025-12-31,7,7,FACTOR_ADJUSTED_ALPHA,CONST,-0.007976361501080158,0.004212379076926995,0.05828441549544133,-0.016232472781087144,0.0002797497789268303,,,,,
EXTENDED_ARCHITECTURE_RISK_FINAL,COMPOSITE_ROBUSTNESS,MEDIAN_SPLIT,BALANCED_COMMON_WINDOW,29,2023-08-31,2025-12-31,7,7,CONTINUOUS_CPU_VIX_SENSITIVITY,CPU_Z_X_VIX_Z,-0.0038053504982933943,0.006406453169119237,0.5525207453243708,-0.016361767978409592,0.008751066981822802,,,,,
EXTENDED_ARCHITECTURE_RISK_FINAL,COMPOSITE_ROBUSTNESS,MEDIAN_SPLIT,BALANCED_COMMON_WINDOW,29,2023-08-31,2025-12-31,7,7,CPU_AND_VIX_STRESS_RAW_INCREMENT,CPU_AND_VIX_STRESS,-0.000959384057160837,0.005089864864561296,0.8504932578234455,-0.010935335877876817,0.009016567763555142,-0.004123305805322406,-0.005082689862483242,3.0,,
EXTENDED_ARCHITECTURE_RISK_FINAL,COMPOSITE_ROBUSTNESS,MEDIAN_SPLIT,BALANCED_COMMON_WINDOW,29,2023-08-31,2025-12-31,7,7,CPU_AND_VIX_STRESS_ADJUSTED_INCREMENT,CPU_AND_VIX_STRESS,0.007804833667141869,0.008014987921099535,0.3301658642969414,-0.007904253994736779,0.02351392132902052,,,3.0,,
EXTENDED_ARCHITECTURE_RISK_FINAL,COMPOSITE_ROBUSTNESS,MEDIAN_SPLIT,BALANCED_COMMON_WINDOW,29,2023-08-31,2025-12-31,7,7,EXTREME_CPU_REGIME_RAW_INCREMENT,EXTREME_CPU_REGIME,0.015170219009256638,0.007862318451234336,0.05367078312945253,-0.0002396419901473986,0.030580080008660672,-0.01049988443575558,0.004670334573501057,12.0,,
EXTENDED_ARCHITECTURE_RISK_FINAL,COMPOSITE_ROBUSTNESS,MEDIAN_SPLIT,BALANCED_COMMON_WINDOW,29,2023-08-31,2025-12-31,7,7,EXTREME_CPU_REGIME_ADJUSTED_INCREMENT,EXTREME_CPU_REGIME,0.016967442314107784,0.006859443507580724,0.013376357444309143,0.0035231800852624645,0.030411704542953104,,,12.0,,
EXTENDED_ARCHITECTURE_RISK_FINAL,COMPOSITE_ROBUSTNESS,TERCILE,AVAILABLE_CROSS_SECTION,57,2021-04-30,2025-12-31,2,3,UNCONDITIONAL_HML_MEAN,CONST,-0.006445624263652749,0.004955400239097575,0.19335182182936417,-0.016158030261265166,0.003266781733959669,,,,,
EXTENDED_ARCHITECTURE_RISK_FINAL,COMPOSITE_ROBUSTNESS,TERCILE,AVAILABLE_CROSS_SECTION,57,2021-04-30,2025-12-31,2,3,FACTOR_ADJUSTED_ALPHA,CONST,-0.00621284800041367,0.006292195369731012,0.32345170174013105,-0.018545324308776142,0.006119628307948803,,,,,
EXTENDED_ARCHITECTURE_RISK_FINAL,COMPOSITE_ROBUSTNESS,TERCILE,AVAILABLE_CROSS_SECTION,57,2021-04-30,2025-12-31,2,3,CONTINUOUS_CPU_VIX_SENSITIVITY,CPU_Z_X_VIX_Z,-0.010284028818918997,0.0064232616587892,0.10936357859339191,-0.022873390333422835,0.00230533269558484,,,,,
EXTENDED_ARCHITECTURE_RISK_FINAL,COMPOSITE_ROBUSTNESS,TERCILE,AVAILABLE_CROSS_SECTION,57,2021-04-30,2025-12-31,2,3,CPU_AND_VIX_STRESS_RAW_INCREMENT,CPU_AND_VIX_STRESS,0.00343754461702604,0.01373606935230238,0.8023887703536842,-0.023484656602631052,0.03035974583668313,-0.00722962566753588,-0.00379208105050984,13.0,,
EXTENDED_ARCHITECTURE_RISK_FINAL,COMPOSITE_ROBUSTNESS,TERCILE,AVAILABLE_CROSS_SECTION,57,2021-04-30,2025-12-31,2,3,CPU_AND_VIX_STRESS_ADJUSTED_INCREMENT,CPU_AND_VIX_STRESS,0.021714681841692503,0.014976175387278929,0.1470729033908745,-0.0076380825435293925,0.0510674462269144,,,13.0,,
EXTENDED_ARCHITECTURE_RISK_FINAL,COMPOSITE_ROBUSTNESS,TERCILE,AVAILABLE_CROSS_SECTION,57,2021-04-30,2025-12-31,2,3,EXTREME_CPU_REGIME_RAW_INCREMENT,EXTREME_CPU_REGIME,0.01041252718714344,0.01299420052176322,0.42294577285254775,-0.01505563784340405,0.03588069221769093,-0.009733790743803308,0.0006787364433401312,18.0,,
EXTENDED_ARCHITECTURE_RISK_FINAL,COMPOSITE_ROBUSTNESS,TERCILE,AVAILABLE_CROSS_SECTION,57,2021-04-30,2025-12-31,2,3,EXTREME_CPU_REGIME_ADJUSTED_INCREMENT,EXTREME_CPU_REGIME,0.009381433190494419,0.013760060340285457,0.49537351093489257,-0.01758778950156304,0.036350655882551874,,,18.0,,
EXTENDED_ARCHITECTURE_RISK_FINAL,COMPOSITE_ROBUSTNESS,TERCILE,BALANCED_COMMON_WINDOW,29,2023-08-31,2025-12-31,4,4,UNCONDITIONAL_HML_MEAN,CONST,-0.0077480247145819015,0.007304779513762415,0.28883590103342915,-0.022065129476562244,0.006569080047398441,,,,,
EXTENDED_ARCHITECTURE_RISK_FINAL,COMPOSITE_ROBUSTNESS,TERCILE,BALANCED_COMMON_WINDOW,29,2023-08-31,2025-12-31,4,4,FACTOR_ADJUSTED_ALPHA,CONST,-0.014771229918498103,0.0072197203937919684,0.04076070451221193,-0.028921621868779696,-0.0006208379682165078,,,,,
EXTENDED_ARCHITECTURE_RISK_FINAL,COMPOSITE_ROBUSTNESS,TERCILE,BALANCED_COMMON_WINDOW,29,2023-08-31,2025-12-31,4,4,CONTINUOUS_CPU_VIX_SENSITIVITY,CPU_Z_X_VIX_Z,-0.006698330837374441,0.011186716646685094,0.549322662783063,-0.028623892570131912,0.015227230895383028,,,,,
EXTENDED_ARCHITECTURE_RISK_FINAL,COMPOSITE_ROBUSTNESS,TERCILE,BALANCED_COMMON_WINDOW,29,2023-08-31,2025-12-31,4,4,CPU_AND_VIX_STRESS_RAW_INCREMENT,CPU_AND_VIX_STRESS,0.0001681782956931161,0.00914592204247127,0.9853290566840145,-0.017757499512961582,0.018093856104347817,-0.00776542246930878,-0.007597244173615664,3.0,,
EXTENDED_ARCHITECTURE_RISK_FINAL,COMPOSITE_ROBUSTNESS,TERCILE,BALANCED_COMMON_WINDOW,29,2023-08-31,2025-12-31,4,4,CPU_AND_VIX_STRESS_ADJUSTED_INCREMENT,CPU_AND_VIX_STRESS,0.016036460654507898,0.015143298294203078,0.2896085686450969,-0.013643858609276971,0.04571677991829277,,,3.0,,
EXTENDED_ARCHITECTURE_RISK_FINAL,COMPOSITE_ROBUSTNESS,TERCILE,BALANCED_COMMON_WINDOW,29,2023-08-31,2025-12-31,4,4,EXTREME_CPU_REGIME_RAW_INCREMENT,EXTREME_CPU_REGIME,0.025639616226635516,0.013704575228273399,0.061361710443086775,-0.001220857644200133,0.05250009009747117,-0.018357521084224185,0.007282095142411332,12.0,,
EXTENDED_ARCHITECTURE_RISK_FINAL,COMPOSITE_ROBUSTNESS,TERCILE,BALANCED_COMMON_WINDOW,29,2023-08-31,2025-12-31,4,4,EXTREME_CPU_REGIME_ADJUSTED_INCREMENT,EXTREME_CPU_REGIME,0.029036691401758713,0.011544934776386363,0.011899786693812711,0.006409035036177461,0.05166434776733997,,,12.0,,
EXTERNAL_FINANCING_DEPENDENCE,PRIMARY,MEDIAN_SPLIT,AVAILABLE_CROSS_SECTION,90,2018-07-31,2025-12-31,2,2,UNCONDITIONAL_HML_MEAN,CONST,-0.0010007202920617052,0.004347024529975568,0.8179300618475057,-0.009520731810725975,0.007519291226602566,,,,0.8179300618475057,0.8179300618475057
EXTERNAL_FINANCING_DEPENDENCE,PRIMARY,MEDIAN_SPLIT,AVAILABLE_CROSS_SECTION,90,2018-07-31,2025-12-31,2,2,FACTOR_ADJUSTED_ALPHA,CONST,-0.004717988249423924,0.005115411108659769,0.35636756915339185,-0.014744009788513179,0.005308033289665332,,,,1.0,0.680335086392119
EXTERNAL_FINANCING_DEPENDENCE,PRIMARY,MEDIAN_SPLIT,AVAILABLE_CROSS_SECTION,90,2018-07-31,2025-12-31,2,2,CONTINUOUS_CPU_VIX_SENSITIVITY,CPU_Z_X_VIX_Z,-0.010167525291340941,0.004363532474467529,0.01980016078989295,-0.01871989178666824,-0.0016151587960136406,,,,0.07664732633282952,0.0396003215797859
EXTERNAL_FINANCING_DEPENDENCE,PRIMARY,MEDIAN_SPLIT,AVAILABLE_CROSS_SECTION,90,2018-07-31,2025-12-31,2,2,CPU_AND_VIX_STRESS_RAW_INCREMENT,CPU_AND_VIX_STRESS,-0.002315580051725135,0.010382030794669263,0.8235064812909261,-0.022663986495662647,0.018032826392212375,-0.0005633329489580674,-0.002878913000683202,17.0,0.8235064812909261,0.8235064812909261
EXTERNAL_FINANCING_DEPENDENCE,PRIMARY,MEDIAN_SPLIT,AVAILABLE_CROSS_SECTION,90,2018-07-31,2025-12-31,2,2,CPU_AND_VIX_STRESS_ADJUSTED_INCREMENT,CPU_AND_VIX_STRESS,0.002221948435293235,0.015308291203398822,0.8845950224097932,-0.027781750988219778,0.03222564785880625,,,17.0,1.0,0.9218757420603457
EXTERNAL_FINANCING_DEPENDENCE,PRIMARY,MEDIAN_SPLIT,AVAILABLE_CROSS_SECTION,90,2018-07-31,2025-12-31,2,2,EXTREME_CPU_REGIME_RAW_INCREMENT,EXTREME_CPU_REGIME,0.005393768470889331,0.011619911923534435,0.642516461417813,-0.017380840402765704,0.028168377344544367,-0.0021394047470272306,0.0032543637238621006,19.0,1.0,0.7011391051753584
EXTERNAL_FINANCING_DEPENDENCE,PRIMARY,MEDIAN_SPLIT,AVAILABLE_CROSS_SECTION,90,2018-07-31,2025-12-31,2,2,EXTREME_CPU_REGIME_ADJUSTED_INCREMENT,EXTREME_CPU_REGIME,0.00483610842018428,0.012350057180755054,0.6953641979211529,-0.019369558861105904,0.02904177570147446,,,19.0,1.0,0.9271522638948705
EXTERNAL_FINANCING_DEPENDENCE,PRIMARY,MEDIAN_SPLIT,BALANCED_COMMON_WINDOW,29,2023-08-31,2025-12-31,6,5,UNCONDITIONAL_HML_MEAN,CONST,-0.00808001988578927,0.008017981772637982,0.3135805584158744,-0.023794975388858337,0.007634935617279794,,,,,
EXTERNAL_FINANCING_DEPENDENCE,PRIMARY,MEDIAN_SPLIT,BALANCED_COMMON_WINDOW,29,2023-08-31,2025-12-31,6,5,FACTOR_ADJUSTED_ALPHA,CONST,-0.012611152657892094,0.007680797908582417,0.10060936514650072,-0.0276652399312442,0.0024429346154600153,,,,,
EXTERNAL_FINANCING_DEPENDENCE,PRIMARY,MEDIAN_SPLIT,BALANCED_COMMON_WINDOW,29,2023-08-31,2025-12-31,6,5,CONTINUOUS_CPU_VIX_SENSITIVITY,CPU_Z_X_VIX_Z,-0.0135735548310988,0.013673270867700255,0.32085265112722083,-0.04037267328265203,0.013225563620454432,,,,,
EXTERNAL_FINANCING_DEPENDENCE,PRIMARY,MEDIAN_SPLIT,BALANCED_COMMON_WINDOW,29,2023-08-31,2025-12-31,6,5,CPU_AND_VIX_STRESS_RAW_INCREMENT,CPU_AND_VIX_STRESS,-0.004989039976259072,0.010403274670394341,0.6315371789554365,-0.02537908365150978,0.015401003698991639,-0.007563912302038336,-0.012552952278297409,3.0,,
EXTERNAL_FINANCING_DEPENDENCE,PRIMARY,MEDIAN_SPLIT,BALANCED_COMMON_WINDOW,29,2023-08-31,2025-12-31,6,5,CPU_AND_VIX_STRESS_ADJUSTED_INCREMENT,CPU_AND_VIX_STRESS,0.011196950624868368,0.015323290930956341,0.4649535667610779,-0.018836147724435294,0.04123004897417203,,,3.0,,
EXTERNAL_FINANCING_DEPENDENCE,PRIMARY,MEDIAN_SPLIT,BALANCED_COMMON_WINDOW,29,2023-08-31,2025-12-31,6,5,EXTREME_CPU_REGIME_RAW_INCREMENT,EXTREME_CPU_REGIME,0.030628495231641642,0.01292775766116573,0.017826417616863738,0.00529055581489505,0.055966434648388234,-0.02075387998164099,0.009874615250000652,12.0,,
EXTERNAL_FINANCING_DEPENDENCE,PRIMARY,MEDIAN_SPLIT,BALANCED_COMMON_WINDOW,29,2023-08-31,2025-12-31,6,5,EXTREME_CPU_REGIME_ADJUSTED_INCREMENT,EXTREME_CPU_REGIME,0.032357812898423766,0.012368242198909389,0.008891408805905294,0.00811650363649288,0.05659912216035465,,,12.0,,
EXTERNAL_FINANCING_DEPENDENCE,PRIMARY,TERCILE,AVAILABLE_CROSS_SECTION,51,2021-10-31,2025-12-31,2,3,UNCONDITIONAL_HML_MEAN,CONST,-0.010828092520603341,0.011356781955606915,0.3403635111178869,-0.033086976133867255,0.011430791092660575,,,,,
EXTERNAL_FINANCING_DEPENDENCE,PRIMARY,TERCILE,AVAILABLE_CROSS_SECTION,51,2021-10-31,2025-12-31,2,3,FACTOR_ADJUSTED_ALPHA,CONST,-0.00864628255124342,0.013944964603017525,0.5352386900304203,-0.035977910938843664,0.018685345836356823,,,,,
EXTERNAL_FINANCING_DEPENDENCE,PRIMARY,TERCILE,AVAILABLE_CROSS_SECTION,51,2021-10-31,2025-12-31,2,3,CONTINUOUS_CPU_VIX_SENSITIVITY,CPU_Z_X_VIX_Z,-0.030290054943402586,0.016024787079967528,0.05873119663639018,-0.061698060480061725,0.001117950593256551,,,,,
EXTERNAL_FINANCING_DEPENDENCE,PRIMARY,TERCILE,AVAILABLE_CROSS_SECTION,51,2021-10-31,2025-12-31,2,3,CPU_AND_VIX_STRESS_RAW_INCREMENT,CPU_AND_VIX_STRESS,-0.0010067147196152822,0.029232612700790712,0.97252782716406,-0.058301582787173234,0.05628815334794267,-0.01059121846892916,-0.011597933188544443,12.0,,
EXTERNAL_FINANCING_DEPENDENCE,PRIMARY,TERCILE,AVAILABLE_CROSS_SECTION,51,2021-10-31,2025-12-31,2,3,CPU_AND_VIX_STRESS_ADJUSTED_INCREMENT,CPU_AND_VIX_STRESS,0.0334233023519815,0.031122400765000908,0.2828537322778376,-0.027575482259842105,0.09442208696380511,,,12.0,,
EXTERNAL_FINANCING_DEPENDENCE,PRIMARY,TERCILE,AVAILABLE_CROSS_SECTION,51,2021-10-31,2025-12-31,2,3,EXTREME_CPU_REGIME_RAW_INCREMENT,EXTREME_CPU_REGIME,0.028446456857873732,0.02911146868468916,0.32849174769157496,-0.02861097330118264,0.0855038870169301,-0.020310244806561246,0.008136212051312486,17.0,,
EXTERNAL_FINANCING_DEPENDENCE,PRIMARY,TERCILE,AVAILABLE_CROSS_SECTION,51,2021-10-31,2025-12-31,2,3,EXTREME_CPU_REGIME_ADJUSTED_INCREMENT,EXTREME_CPU_REGIME,0.019415431579821597,0.03150489154401572,0.5377181770983168,-0.042333021183289715,0.08116388434293291,,,17.0,,
EXTERNAL_FINANCING_DEPENDENCE,PRIMARY,TERCILE,BALANCED_COMMON_WINDOW,29,2023-08-31,2025-12-31,3,3,UNCONDITIONAL_HML_MEAN,CONST,-0.013546831712963404,0.01620043023741661,0.40304128917934656,-0.04529909151235364,0.018205428086426827,,,,,
EXTERNAL_FINANCING_DEPENDENCE,PRIMARY,TERCILE,BALANCED_COMMON_WINDOW,29,2023-08-31,2025-12-31,3,3,FACTOR_ADJUSTED_ALPHA,CONST,-0.02653354151740025,0.014550331682587389,0.06821717645614406,-0.05505166757838362,0.0019845845435831205,,,,,
EXTERNAL_FINANCING_DEPENDENCE,PRIMARY,TERCILE,BALANCED_COMMON_WINDOW,29,2023-08-31,2025-12-31,3,3,CONTINUOUS_CPU_VIX_SENSITIVITY,CPU_Z_X_VIX_Z,-0.023487482687554937,0.025690686008619686,0.3605901385186042,-0.07384030200257659,0.026865336627466718,,,,,
EXTERNAL_FINANCING_DEPENDENCE,PRIMARY,TERCILE,BALANCED_COMMON_WINDOW,29,2023-08-31,2025-12-31,3,3,CPU_AND_VIX_STRESS_RAW_INCREMENT,CPU_AND_VIX_STRESS,-0.00916295914063908,0.0196704553655329,0.6413418871259601,-0.04771634321658623,0.029390424935308065,-0.012598939388069712,-0.021761898528708794,3.0,,
EXTERNAL_FINANCING_DEPENDENCE,PRIMARY,TERCILE,BALANCED_COMMON_WINDOW,29,2023-08-31,2025-12-31,3,3,CPU_AND_VIX_STRESS_ADJUSTED_INCREMENT,CPU_AND_VIX_STRESS,0.025071026713668173,0.029831600059918993,0.40067381496807464,-0.03339783500497598,0.08353988843231232,,,3.0,,
EXTERNAL_FINANCING_DEPENDENCE,PRIMARY,TERCILE,BALANCED_COMMON_WINDOW,29,2023-08-31,2025-12-31,3,3,EXTREME_CPU_REGIME_RAW_INCREMENT,EXTREME_CPU_REGIME,0.0619140228657696,0.028449912195709456,0.029536830913471146,0.006153219598852219,0.11767482613268698,-0.03916642738155773,0.022747595484211874,12.0,,
EXTERNAL_FINANCING_DEPENDENCE,PRIMARY,TERCILE,BALANCED_COMMON_WINDOW,29,2023-08-31,2025-12-31,3,3,EXTREME_CPU_REGIME_ADJUSTED_INCREMENT,EXTREME_CPU_REGIME,0.06778876839777039,0.025917096931186715,0.008907073760325542,0.016992191828810864,0.1185853449667299,,,12.0,,
FINANCIAL_ARCHITECTURE_RISK_FINAL,COMPOSITE_ROBUSTNESS,MEDIAN_SPLIT,AVAILABLE_CROSS_SECTION,90,2018-07-31,2025-12-31,2,2,UNCONDITIONAL_HML_MEAN,CONST,-0.0025978469732257344,0.002392163747930326,0.277486918587876,-0.0072864017642915255,0.0020907078178400568,,,,,
FINANCIAL_ARCHITECTURE_RISK_FINAL,COMPOSITE_ROBUSTNESS,MEDIAN_SPLIT,AVAILABLE_CROSS_SECTION,90,2018-07-31,2025-12-31,2,2,FACTOR_ADJUSTED_ALPHA,CONST,-0.0032045046066852658,0.002638505410006283,0.2245510952140517,-0.00837588018331167,0.0019668709699411377,,,,,
FINANCIAL_ARCHITECTURE_RISK_FINAL,COMPOSITE_ROBUSTNESS,MEDIAN_SPLIT,AVAILABLE_CROSS_SECTION,90,2018-07-31,2025-12-31,2,2,CONTINUOUS_CPU_VIX_SENSITIVITY,CPU_Z_X_VIX_Z,-0.003484353142755355,0.001969162488732364,0.07681723474530527,-0.007343840700378049,0.00037513441486733846,,,,,
FINANCIAL_ARCHITECTURE_RISK_FINAL,COMPOSITE_ROBUSTNESS,MEDIAN_SPLIT,AVAILABLE_CROSS_SECTION,90,2018-07-31,2025-12-31,2,2,CPU_AND_VIX_STRESS_RAW_INCREMENT,CPU_AND_VIX_STRESS,0.005573927780252128,0.003930578713532856,0.1561634943238656,-0.0021298649366720476,0.013277720497176303,-0.003650699998384469,0.0019232277818676587,17.0,,
FINANCIAL_ARCHITECTURE_RISK_FINAL,COMPOSITE_ROBUSTNESS,MEDIAN_SPLIT,AVAILABLE_CROSS_SECTION,90,2018-07-31,2025-12-31,2,2,CPU_AND_VIX_STRESS_ADJUSTED_INCREMENT,CPU_AND_VIX_STRESS,0.0013810859450120016,0.006184526303182157,0.8232918066635418,-0.01074036287066567,0.013502534760689673,,,17.0,,
FINANCIAL_ARCHITECTURE_RISK_FINAL,COMPOSITE_ROBUSTNESS,MEDIAN_SPLIT,AVAILABLE_CROSS_SECTION,90,2018-07-31,2025-12-31,2,2,EXTREME_CPU_REGIME_RAW_INCREMENT,EXTREME_CPU_REGIME,0.004289710483752263,0.004096997413872079,0.29508222068660594,-0.0037402568921907544,0.01231967785969528,-0.003503452519795656,0.0007862579639566067,19.0,,
FINANCIAL_ARCHITECTURE_RISK_FINAL,COMPOSITE_ROBUSTNESS,MEDIAN_SPLIT,AVAILABLE_CROSS_SECTION,90,2018-07-31,2025-12-31,2,2,EXTREME_CPU_REGIME_ADJUSTED_INCREMENT,EXTREME_CPU_REGIME,0.0018144626790028164,0.004575011183868976,0.691660317574352,-0.007152394470248331,0.010781319828253965,,,19.0,,
FINANCIAL_ARCHITECTURE_RISK_FINAL,COMPOSITE_ROBUSTNESS,MEDIAN_SPLIT,BALANCED_COMMON_WINDOW,29,2023-08-31,2025-12-31,7,7,UNCONDITIONAL_HML_MEAN,CONST,-0.007604044833841108,0.003881840237293969,0.050127275411225074,-0.015212311892675703,4.2222249934881564e-06,,,,,
FINANCIAL_ARCHITECTURE_RISK_FINAL,COMPOSITE_ROBUSTNESS,MEDIAN_SPLIT,BALANCED_COMMON_WINDOW,29,2023-08-31,2025-12-31,7,7,FACTOR_ADJUSTED_ALPHA,CONST,-0.006647205364828281,0.004401568433234291,0.13099490715067677,-0.015274120969455886,0.0019797102397993227,,,,,
FINANCIAL_ARCHITECTURE_RISK_FINAL,COMPOSITE_ROBUSTNESS,MEDIAN_SPLIT,BALANCED_COMMON_WINDOW,29,2023-08-31,2025-12-31,7,7,CONTINUOUS_CPU_VIX_SENSITIVITY,CPU_Z_X_VIX_Z,-0.007764184720432276,0.0075801573998129776,0.3057042191398104,-0.022621020221210496,0.007092650780345944,,,,,
FINANCIAL_ARCHITECTURE_RISK_FINAL,COMPOSITE_ROBUSTNESS,MEDIAN_SPLIT,BALANCED_COMMON_WINDOW,29,2023-08-31,2025-12-31,7,7,CPU_AND_VIX_STRESS_RAW_INCREMENT,CPU_AND_VIX_STRESS,0.001378801742290294,0.006994229478595966,0.84372253092727,-0.01232963613536616,0.015087239619946749,-0.007746679496836661,-0.0063678777545463664,3.0,,
FINANCIAL_ARCHITECTURE_RISK_FINAL,COMPOSITE_ROBUSTNESS,MEDIAN_SPLIT,BALANCED_COMMON_WINDOW,29,2023-08-31,2025-12-31,7,7,CPU_AND_VIX_STRESS_ADJUSTED_INCREMENT,CPU_AND_VIX_STRESS,0.007409420222063392,0.007987931733956902,0.3536271324510327,-0.008246638287456722,0.023065478731583506,,,3.0,,
FINANCIAL_ARCHITECTURE_RISK_FINAL,COMPOSITE_ROBUSTNESS,MEDIAN_SPLIT,BALANCED_COMMON_WINDOW,29,2023-08-31,2025-12-31,7,7,EXTREME_CPU_REGIME_RAW_INCREMENT,EXTREME_CPU_REGIME,0.015086899308114384,0.005359252985703175,0.004876018286172492,0.004582956472097409,0.02559084214413136,-0.013846899719957407,0.0012399995881569766,12.0,,
FINANCIAL_ARCHITECTURE_RISK_FINAL,COMPOSITE_ROBUSTNESS,MEDIAN_SPLIT,BALANCED_COMMON_WINDOW,29,2023-08-31,2025-12-31,7,7,EXTREME_CPU_REGIME_ADJUSTED_INCREMENT,EXTREME_CPU_REGIME,0.01465546419823348,0.004985686099846915,0.0032873377941944116,0.004883699004311558,0.0244272293921554,,,12.0,,
FINANCIAL_ARCHITECTURE_RISK_FINAL,COMPOSITE_ROBUSTNESS,TERCILE,AVAILABLE_CROSS_SECTION,78,2019-07-31,2025-12-31,2,2,UNCONDITIONAL_HML_MEAN,CONST,-0.0032761350959254936,0.004709811383021858,0.4866806566150095,-0.012507195780625115,0.005954925588774129,,,,,
FINANCIAL_ARCHITECTURE_RISK_FINAL,COMPOSITE_ROBUSTNESS,TERCILE,AVAILABLE_CROSS_SECTION,78,2019-07-31,2025-12-31,2,2,FACTOR_ADJUSTED_ALPHA,CONST,-0.005690803257591603,0.0052301122987993545,0.2765578789690063,-0.01594163499833833,0.004560028483155122,,,,,
FINANCIAL_ARCHITECTURE_RISK_FINAL,COMPOSITE_ROBUSTNESS,TERCILE,AVAILABLE_CROSS_SECTION,78,2019-07-31,2025-12-31,2,2,CONTINUOUS_CPU_VIX_SENSITIVITY,CPU_Z_X_VIX_Z,-0.008528187540754475,0.004073553616507583,0.03630009944320612,-0.016512205918202225,-0.0005441691633067246,,,,,
FINANCIAL_ARCHITECTURE_RISK_FINAL,COMPOSITE_ROBUSTNESS,TERCILE,AVAILABLE_CROSS_SECTION,78,2019-07-31,2025-12-31,2,2,CPU_AND_VIX_STRESS_RAW_INCREMENT,CPU_AND_VIX_STRESS,0.005722866864931927,0.007852168235853876,0.4661079105427691,-0.009667100077891084,0.021112833807754937,-0.004523426592128604,0.0011994402728033237,17.0,,
FINANCIAL_ARCHITECTURE_RISK_FINAL,COMPOSITE_ROBUSTNESS,TERCILE,AVAILABLE_CROSS_SECTION,78,2019-07-31,2025-12-31,2,2,CPU_AND_VIX_STRESS_ADJUSTED_INCREMENT,CPU_AND_VIX_STRESS,0.0027151958556864884,0.011933781549968622,0.8200179938995853,-0.020674586181620595,0.02610497789299357,,,17.0,,
FINANCIAL_ARCHITECTURE_RISK_FINAL,COMPOSITE_ROBUSTNESS,TERCILE,AVAILABLE_CROSS_SECTION,78,2019-07-31,2025-12-31,2,2,EXTREME_CPU_REGIME_RAW_INCREMENT,EXTREME_CPU_REGIME,0.007697202864412687,0.008065697741405826,0.3399250629247593,-0.00811127421892879,0.023505679947754165,-0.005151094768026018,0.0025461080963866687,19.0,,
FINANCIAL_ARCHITECTURE_RISK_FINAL,COMPOSITE_ROBUSTNESS,TERCILE,AVAILABLE_CROSS_SECTION,78,2019-07-31,2025-12-31,2,2,EXTREME_CPU_REGIME_ADJUSTED_INCREMENT,EXTREME_CPU_REGIME,0.005155181060073824,0.008773203094657425,0.5567972203434784,-0.012039981034510075,0.022350343154657726,,,19.0,,
FINANCIAL_ARCHITECTURE_RISK_FINAL,COMPOSITE_ROBUSTNESS,TERCILE,BALANCED_COMMON_WINDOW,29,2023-08-31,2025-12-31,4,4,UNCONDITIONAL_HML_MEAN,CONST,-0.01186985179123467,0.00694559636545595,0.087455547304354,-0.025482970518680634,0.001743266936211291,,,,,
FINANCIAL_ARCHITECTURE_RISK_FINAL,COMPOSITE_ROBUSTNESS,TERCILE,BALANCED_COMMON_WINDOW,29,2023-08-31,2025-12-31,4,4,FACTOR_ADJUSTED_ALPHA,CONST,-0.012325172074500651,0.007714863492513727,0.11013473526078482,-0.02744602666547045,0.0027956825164691494,,,,,
FINANCIAL_ARCHITECTURE_RISK_FINAL,COMPOSITE_ROBUSTNESS,TERCILE,BALANCED_COMMON_WINDOW,29,2023-08-31,2025-12-31,4,4,CONTINUOUS_CPU_VIX_SENSITIVITY,CPU_Z_X_VIX_Z,-0.011897998640809551,0.012999129857537274,0.3600383951221924,-0.03737582499194189,0.01357982771032279,,,,,
FINANCIAL_ARCHITECTURE_RISK_FINAL,COMPOSITE_ROBUSTNESS,TERCILE,BALANCED_COMMON_WINDOW,29,2023-08-31,2025-12-31,4,4,CPU_AND_VIX_STRESS_RAW_INCREMENT,CPU_AND_VIX_STRESS,0.0011618029672164924,0.011181684493819797,0.9172468654985292,-0.020753895927160294,0.023077501861593276,-0.011990038305084655,-0.010828235337868163,3.0,,
FINANCIAL_ARCHITECTURE_RISK_FINAL,COMPOSITE_ROBUSTNESS,TERCILE,BALANCED_COMMON_WINDOW,29,2023-08-31,2025-12-31,4,4,CPU_AND_VIX_STRESS_ADJUSTED_INCREMENT,CPU_AND_VIX_STRESS,0.013947146549557522,0.01451447402436111,0.3365959216644211,-0.014500699792732392,0.042394992891847436,,,3.0,,
FINANCIAL_ARCHITECTURE_RISK_FINAL,COMPOSITE_ROBUSTNESS,TERCILE,BALANCED_COMMON_WINDOW,29,2023-08-31,2025-12-31,4,4,EXTREME_CPU_REGIME_RAW_INCREMENT,EXTREME_CPU_REGIME,0.026449711680543494,0.009735361068328553,0.006590246176889408,0.007368754610126146,0.045530668750960845,-0.02281456007283888,0.0036351516077046155,12.0,,
FINANCIAL_ARCHITECTURE_RISK_FINAL,COMPOSITE_ROBUSTNESS,TERCILE,BALANCED_COMMON_WINDOW,29,2023-08-31,2025-12-31,4,4,EXTREME_CPU_REGIME_ADJUSTED_INCREMENT,EXTREME_CPU_REGIME,0.026358628312557975,0.009661805645317956,0.006369517069843972,0.007421837222109005,0.045295419403006944,,,12.0,,
GROWTH_DURATION_EXPOSURE_FINAL,PRIMARY,MEDIAN_SPLIT,AVAILABLE_CROSS_SECTION,78,2019-07-31,2025-12-31,3,2,UNCONDITIONAL_HML_MEAN,CONST,0.004030984127262581,0.0020951179009001245,0.05435594240911662,-7.537150186682096e-05,0.008137339756391984,,,,0.21742376963646648,0.14241698490084984
GROWTH_DURATION_EXPOSURE_FINAL,PRIMARY,MEDIAN_SPLIT,AVAILABLE_CROSS_SECTION,78,2019-07-31,2025-12-31,3,2,FACTOR_ADJUSTED_ALPHA,CONST,0.0010565414580926294,0.0016045974652290837,0.5102513147940893,-0.0020884117834406362,0.0042014946996258955,,,,1.0,0.680335086392119
GROWTH_DURATION_EXPOSURE_FINAL,PRIMARY,MEDIAN_SPLIT,AVAILABLE_CROSS_SECTION,78,2019-07-31,2025-12-31,3,2,CONTINUOUS_CPU_VIX_SENSITIVITY,CPU_Z_X_VIX_Z,-0.0008460058634722949,0.001190844852696185,0.47744067208041996,-0.0031800188859317235,0.0014880071589871337,,,,0.47744067208041996,0.47744067208041996
GROWTH_DURATION_EXPOSURE_FINAL,PRIMARY,MEDIAN_SPLIT,AVAILABLE_CROSS_SECTION,78,2019-07-31,2025-12-31,3,2,CPU_AND_VIX_STRESS_RAW_INCREMENT,CPU_AND_VIX_STRESS,-0.01072468616097326,0.003127879705857827,0.0006063902053134259,-0.01685521773242834,-0.00459415458951818,0.006368415726449061,-0.0043562704345241985,17.0,0.0024255608212537037,0.0024255608212537037
GROWTH_DURATION_EXPOSURE_FINAL,PRIMARY,MEDIAN_SPLIT,AVAILABLE_CROSS_SECTION,78,2019-07-31,2025-12-31,3,2,CPU_AND_VIX_STRESS_ADJUSTED_INCREMENT,CPU_AND_VIX_STRESS,-0.0008446849085154554,0.003341110018031857,0.8004106717744243,-0.007393140212243865,0.005703770395212954,,,17.0,1.0,0.9218757420603457
GROWTH_DURATION_EXPOSURE_FINAL,PRIMARY,MEDIAN_SPLIT,AVAILABLE_CROSS_SECTION,78,2019-07-31,2025-12-31,3,2,EXTREME_CPU_REGIME_RAW_INCREMENT,EXTREME_CPU_REGIME,-0.007719885020277757,0.003354559083022176,0.021374036508547037,-0.01429470000701293,-0.0011450700335425834,0.005911468939894342,-0.0018084160803834154,19.0,0.08549614603418815,0.08549614603418815
GROWTH_DURATION_EXPOSURE_FINAL,PRIMARY,MEDIAN_SPLIT,AVAILABLE_CROSS_SECTION,78,2019-07-31,2025-12-31,3,2,EXTREME_CPU_REGIME_ADJUSTED_INCREMENT,EXTREME_CPU_REGIME,-0.00340625101467972,0.0028596342951598412,0.23359503025783146,-0.009011031242148592,0.002198529212789151,,,19.0,0.9343801210313258,0.8347559800158308
GROWTH_DURATION_EXPOSURE_FINAL,PRIMARY,MEDIAN_SPLIT,BALANCED_COMMON_WINDOW,29,2023-08-31,2025-12-31,7,6,UNCONDITIONAL_HML_MEAN,CONST,0.005424558622560524,0.0022947585892823005,0.01808414417451625,0.000926914434353273,0.009922202810767776,,,,,
GROWTH_DURATION_EXPOSURE_FINAL,PRIMARY,MEDIAN_SPLIT,BALANCED_COMMON_WINDOW,29,2023-08-31,2025-12-31,7,6,FACTOR_ADJUSTED_ALPHA,CONST,0.0021376091665858115,0.0025768099547990556,0.4067896414187412,-0.0029128455398246223,0.007188063872996245,,,,,
GROWTH_DURATION_EXPOSURE_FINAL,PRIMARY,MEDIAN_SPLIT,BALANCED_COMMON_WINDOW,29,2023-08-31,2025-12-31,7,6,CONTINUOUS_CPU_VIX_SENSITIVITY,CPU_Z_X_VIX_Z,0.004682213165337453,0.00574575032642779,0.4151294311998639,-0.006579250538620275,0.01594367686929518,,,,,
GROWTH_DURATION_EXPOSURE_FINAL,PRIMARY,MEDIAN_SPLIT,BALANCED_COMMON_WINDOW,29,2023-08-31,2025-12-31,7,6,CPU_AND_VIX_STRESS_RAW_INCREMENT,CPU_AND_VIX_STRESS,-0.0028830090669258977,0.0054473070527632835,0.5966292586968185,-0.01355953470307296,0.007793516569221165,0.005722800939828724,0.002839791872902826,3.0,,
GROWTH_DURATION_EXPOSURE_FINAL,PRIMARY,MEDIAN_SPLIT,BALANCED_COMMON_WINDOW,29,2023-08-31,2025-12-31,7,6,CPU_AND_VIX_STRESS_ADJUSTED_INCREMENT,CPU_AND_VIX_STRESS,-0.0046446091714825895,0.004807431334069291,0.33397855831802603,-0.014067001444407746,0.004777783101442567,,,3.0,,
GROWTH_DURATION_EXPOSURE_FINAL,PRIMARY,MEDIAN_SPLIT,BALANCED_COMMON_WINDOW,29,2023-08-31,2025-12-31,7,6,EXTREME_CPU_REGIME_RAW_INCREMENT,EXTREME_CPU_REGIME,-0.009651527370694985,0.00429378400534923,0.024589544883077134,-0.018067189378573614,-0.001235865362816356,0.009418294086296382,-0.00023323328439860298,12.0,,
GROWTH_DURATION_EXPOSURE_FINAL,PRIMARY,MEDIAN_SPLIT,BALANCED_COMMON_WINDOW,29,2023-08-31,2025-12-31,7,6,EXTREME_CPU_REGIME_ADJUSTED_INCREMENT,EXTREME_CPU_REGIME,-0.008194985685260685,0.002264342902643809,0.00029557779502517703,-0.012633016223091436,-0.003756955147429934,,,12.0,,
GROWTH_DURATION_EXPOSURE_FINAL,PRIMARY,TERCILE,AVAILABLE_CROSS_SECTION,72,2020-01-31,2025-12-31,2,2,UNCONDITIONAL_HML_MEAN,CONST,0.005543030053261327,0.00305401722735344,0.06952447379097527,-0.0004427337205162897,0.011528793827038943,,,,,
GROWTH_DURATION_EXPOSURE_FINAL,PRIMARY,TERCILE,AVAILABLE_CROSS_SECTION,72,2020-01-31,2025-12-31,2,2,FACTOR_ADJUSTED_ALPHA,CONST,0.0010399380591513982,0.002358710748767846,0.6592907681911157,-0.0035830500583810838,0.00566292617668388,,,,,
GROWTH_DURATION_EXPOSURE_FINAL,PRIMARY,TERCILE,AVAILABLE_CROSS_SECTION,72,2020-01-31,2025-12-31,2,2,CONTINUOUS_CPU_VIX_SENSITIVITY,CPU_Z_X_VIX_Z,-0.002515597688021098,0.0014698828758203377,0.08700226030214676,-0.005396515186121121,0.00036531981007892475,,,,,
GROWTH_DURATION_EXPOSURE_FINAL,PRIMARY,TERCILE,AVAILABLE_CROSS_SECTION,72,2020-01-31,2025-12-31,2,2,CPU_AND_VIX_STRESS_RAW_INCREMENT,CPU_AND_VIX_STRESS,-0.014905801474743498,0.004436314650481879,0.0007795619397499345,-0.023600818413775378,-0.006210784535711618,0.00906245540146465,-0.0058433460732788475,17.0,,
GROWTH_DURATION_EXPOSURE_FINAL,PRIMARY,TERCILE,AVAILABLE_CROSS_SECTION,72,2020-01-31,2025-12-31,2,2,CPU_AND_VIX_STRESS_ADJUSTED_INCREMENT,CPU_AND_VIX_STRESS,0.0005058304783887796,0.004255534736760941,0.9053829921188172,-0.007834864340621805,0.008846525297399363,,,17.0,,
GROWTH_DURATION_EXPOSURE_FINAL,PRIMARY,TERCILE,AVAILABLE_CROSS_SECTION,72,2020-01-31,2025-12-31,2,2,EXTREME_CPU_REGIME_RAW_INCREMENT,EXTREME_CPU_REGIME,-0.004484165252326391,0.007156306767448795,0.5309193214910688,-0.018510268778846282,0.009541938274193503,0.006664071366342924,0.002179906114016533,18.0,,
GROWTH_DURATION_EXPOSURE_FINAL,PRIMARY,TERCILE,AVAILABLE_CROSS_SECTION,72,2020-01-31,2025-12-31,2,2,EXTREME_CPU_REGIME_ADJUSTED_INCREMENT,EXTREME_CPU_REGIME,0.0017105339340217798,0.004968994184034091,0.7306646865233002,-0.00802851570607403,0.011449583574117591,,,18.0,,
GROWTH_DURATION_EXPOSURE_FINAL,PRIMARY,TERCILE,BALANCED_COMMON_WINDOW,34,2023-03-31,2025-12-31,4,4,UNCONDITIONAL_HML_MEAN,CONST,0.008746705949121239,0.0035171304581447043,0.012886633052919828,0.001853256922228758,0.015640154976013718,,,,,
GROWTH_DURATION_EXPOSURE_FINAL,PRIMARY,TERCILE,BALANCED_COMMON_WINDOW,34,2023-03-31,2025-12-31,4,4,FACTOR_ADJUSTED_ALPHA,CONST,-0.0003563927869323267,0.0031546551568899725,0.9100514760186657,-0.0065394032780802264,0.005826617704215574,,,,,
GROWTH_DURATION_EXPOSURE_FINAL,PRIMARY,TERCILE,BALANCED_COMMON_WINDOW,34,2023-03-31,2025-12-31,4,4,CONTINUOUS_CPU_VIX_SENSITIVITY,CPU_Z_X_VIX_Z,-0.0038484678814661505,0.006767443129485488,0.5695775030642164,-0.01711241268268074,0.00941547691974844,,,,,
GROWTH_DURATION_EXPOSURE_FINAL,PRIMARY,TERCILE,BALANCED_COMMON_WINDOW,34,2023-03-31,2025-12-31,4,4,CPU_AND_VIX_STRESS_RAW_INCREMENT,CPU_AND_VIX_STRESS,-0.006412299374074507,0.008126908430294094,0.430099879679126,-0.022340747203105877,0.009516148454956862,0.009312497070363109,0.0029001976962886016,3.0,,
GROWTH_DURATION_EXPOSURE_FINAL,PRIMARY,TERCILE,BALANCED_COMMON_WINDOW,34,2023-03-31,2025-12-31,4,4,CPU_AND_VIX_STRESS_ADJUSTED_INCREMENT,CPU_AND_VIX_STRESS,-0.0028022687961490995,0.006225638658923856,0.6526257320561475,-0.015004296348400099,0.0093997587561019,,,3.0,,
GROWTH_DURATION_EXPOSURE_FINAL,PRIMARY,TERCILE,BALANCED_COMMON_WINDOW,34,2023-03-31,2025-12-31,4,4,EXTREME_CPU_REGIME_RAW_INCREMENT,EXTREME_CPU_REGIME,-0.004997232048756003,0.009983663982614866,0.6166942721999289,-0.02456485388843086,0.014570389790918854,0.010510434907505714,0.005513202858749711,12.0,,
GROWTH_DURATION_EXPOSURE_FINAL,PRIMARY,TERCILE,BALANCED_COMMON_WINDOW,34,2023-03-31,2025-12-31,4,4,EXTREME_CPU_REGIME_ADJUSTED_INCREMENT,EXTREME_CPU_REGIME,3.459308689213788e-05,0.005298403185496326,0.9947906769489627,-0.010350086332252956,0.010419272506037233,,,12.0,,
INTERNAL_FINANCIAL_CAPACITY,PRIMARY,MEDIAN_SPLIT,AVAILABLE_CROSS_SECTION,108,2017-01-31,2025-12-31,2,2,UNCONDITIONAL_HML_MEAN,CONST,0.002306851685326837,0.0014304406763240565,0.10681273867563738,-0.0004967605222894306,0.005110463892943104,,,,0.22447478887816666,0.14241698490084984
INTERNAL_FINANCIAL_CAPACITY,PRIMARY,MEDIAN_SPLIT,AVAILABLE_CROSS_SECTION,108,2017-01-31,2025-12-31,2,2,FACTOR_ADJUSTED_ALPHA,CONST,0.00216441684328822,0.001470570351844412,0.14106912614552694,-0.0007178480830592232,0.005046681769635663,,,,0.5642765045821078,0.5642765045821078
INTERNAL_FINANCIAL_CAPACITY,PRIMARY,MEDIAN_SPLIT,AVAILABLE_CROSS_SECTION,108,2017-01-31,2025-12-31,2,2,CONTINUOUS_CPU_VIX_SENSITIVITY,CPU_Z_X_VIX_Z,0.0023821711154536056,0.0013516561666722857,0.07800020383464142,-0.00026702629070554304,0.005031368521612754,,,,0.15600040766928283,0.10400027177952188
INTERNAL_FINANCIAL_CAPACITY,PRIMARY,MEDIAN_SPLIT,AVAILABLE_CROSS_SECTION,108,2017-01-31,2025-12-31,2,2,CPU_AND_VIX_STRESS_RAW_INCREMENT,CPU_AND_VIX_STRESS,-0.0044839660603526585,0.00244957109197089,0.06717361032439964,-0.009285037178186056,0.00031710505748073787,0.003012661157789755,-0.0014713049025629034,17.0,0.20152083097319892,0.09784001306569588
INTERNAL_FINANCIAL_CAPACITY,PRIMARY,MEDIAN_SPLIT,AVAILABLE_CROSS_SECTION,108,2017-01-31,2025-12-31,2,2,CPU_AND_VIX_STRESS_ADJUSTED_INCREMENT,CPU_AND_VIX_STRESS,0.00039165388730785485,0.003993566057528182,0.9218757420603457,-0.007435591755328997,0.008218899529944706,,,17.0,1.0,0.9218757420603457
INTERNAL_FINANCIAL_CAPACITY,PRIMARY,MEDIAN_SPLIT,AVAILABLE_CROSS_SECTION,108,2017-01-31,2025-12-31,2,2,EXTREME_CPU_REGIME_RAW_INCREMENT,EXTREME_CPU_REGIME,-0.004504524210472252,0.0025735549637377173,0.08006448636502997,-0.009548599251632463,0.0005395508306879591,0.0030993142779099188,-0.001405209932562333,19.0,0.2401934590950899,0.16012897273005994
INTERNAL_FINANCIAL_CAPACITY,PRIMARY,MEDIAN_SPLIT,AVAILABLE_CROSS_SECTION,108,2017-01-31,2025-12-31,2,2,EXTREME_CPU_REGIME_ADJUSTED_INCREMENT,EXTREME_CPU_REGIME,-0.0023329818216464354,0.0028767491158874668,0.4173779900079154,-0.007971306481343313,0.0033053428380504417,,,19.0,1.0,0.8347559800158308
INTERNAL_FINANCIAL_CAPACITY,PRIMARY,MEDIAN_SPLIT,BALANCED_COMMON_WINDOW,29,2023-08-31,2025-12-31,12,11,UNCONDITIONAL_HML_MEAN,CONST,0.005195561146963895,0.002703567567321664,0.054638145665259916,-0.00010333391475713521,0.010494456208684924,,,,,
INTERNAL_FINANCIAL_CAPACITY,PRIMARY,MEDIAN_SPLIT,BALANCED_COMMON_WINDOW,29,2023-08-31,2025-12-31,12,11,FACTOR_ADJUSTED_ALPHA,CONST,0.004163010808824848,0.0029923151009042257,0.16415444965338177,-0.0017018190193427716,0.010027840636992469,,,,,
INTERNAL_FINANCIAL_CAPACITY,PRIMARY,MEDIAN_SPLIT,BALANCED_COMMON_WINDOW,29,2023-08-31,2025-12-31,12,11,CONTINUOUS_CPU_VIX_SENSITIVITY,CPU_Z_X_VIX_Z,0.005693829520946973,0.005467306538035898,0.29767496689376893,-0.005021894386043754,0.0164095534279377,,,,,
INTERNAL_FINANCIAL_CAPACITY,PRIMARY,MEDIAN_SPLIT,BALANCED_COMMON_WINDOW,29,2023-08-31,2025-12-31,12,11,CPU_AND_VIX_STRESS_RAW_INCREMENT,CPU_AND_VIX_STRESS,1.66910488741159e-05,0.005546085219920755,0.9975987548750261,-0.010853436237360469,0.0108868183351087,0.005193834486735539,0.005210525535609654,3.0,,
INTERNAL_FINANCIAL_CAPACITY,PRIMARY,MEDIAN_SPLIT,BALANCED_COMMON_WINDOW,29,2023-08-31,2025-12-31,12,11,CPU_AND_VIX_STRESS_ADJUSTED_INCREMENT,CPU_AND_VIX_STRESS,-0.0026342697017178954,0.006206979967742761,0.67127090149728,-0.014799726891255294,0.009531187487819504,,,3.0,,
INTERNAL_FINANCIAL_CAPACITY,PRIMARY,MEDIAN_SPLIT,BALANCED_COMMON_WINDOW,29,2023-08-31,2025-12-31,12,11,EXTREME_CPU_REGIME_RAW_INCREMENT,EXTREME_CPU_REGIME,-0.009762614687655036,0.0037522872046874696,0.009274212529160756,-0.017116962468492952,-0.0024082669068171223,0.009235263776338392,-0.0005273509113166448,12.0,,
INTERNAL_FINANCIAL_CAPACITY,PRIMARY,MEDIAN_SPLIT,BALANCED_COMMON_WINDOW,29,2023-08-31,2025-12-31,12,11,EXTREME_CPU_REGIME_ADJUSTED_INCREMENT,EXTREME_CPU_REGIME,-0.009510100752549095,0.003649471118407551,0.00916373177207253,-0.016662932707247006,-0.0023572687978511836,,,12.0,,
INTERNAL_FINANCIAL_CAPACITY,PRIMARY,TERCILE,AVAILABLE_CROSS_SECTION,90,2018-07-31,2025-12-31,2,2,UNCONDITIONAL_HML_MEAN,CONST,0.002798284897033517,0.0028797926990496185,0.33120148755200796,-0.0028460050760451294,0.008442574870112164,,,,,
INTERNAL_FINANCIAL_CAPACITY,PRIMARY,TERCILE,AVAILABLE_CROSS_SECTION,90,2018-07-31,2025-12-31,2,2,FACTOR_ADJUSTED_ALPHA,CONST,0.0035481371710892034,0.0029713253389366708,0.23242864080002545,-0.0022755534795779403,0.009371827821756346,,,,,
INTERNAL_FINANCIAL_CAPACITY,PRIMARY,TERCILE,AVAILABLE_CROSS_SECTION,90,2018-07-31,2025-12-31,2,2,CONTINUOUS_CPU_VIX_SENSITIVITY,CPU_Z_X_VIX_Z,0.005023780588653921,0.002225866433301339,0.02400807340115154,0.0006611625449866694,0.009386398632321172,,,,,
INTERNAL_FINANCIAL_CAPACITY,PRIMARY,TERCILE,AVAILABLE_CROSS_SECTION,90,2018-07-31,2025-12-31,2,2,CPU_AND_VIX_STRESS_RAW_INCREMENT,CPU_AND_VIX_STRESS,-0.0058582441413657415,0.004431361745479021,0.18616935970836546,-0.014543553564973173,0.0028270652822416894,0.0039048421237359364,-0.001953402017629805,17.0,,
INTERNAL_FINANCIAL_CAPACITY,PRIMARY,TERCILE,AVAILABLE_CROSS_SECTION,90,2018-07-31,2025-12-31,2,2,CPU_AND_VIX_STRESS_ADJUSTED_INCREMENT,CPU_AND_VIX_STRESS,0.002196042678608767,0.007529317672210289,0.7705423415637632,-0.012561148787084355,0.016953234144301887,,,17.0,,
INTERNAL_FINANCIAL_CAPACITY,PRIMARY,TERCILE,AVAILABLE_CROSS_SECTION,90,2018-07-31,2025-12-31,2,2,EXTREME_CPU_REGIME_RAW_INCREMENT,EXTREME_CPU_REGIME,-0.005106552844623098,0.004904769963917175,0.2978105164844833,-0.014719725326354582,0.004506619637108386,0.0038763349420095064,-0.001230217902613592,19.0,,
INTERNAL_FINANCIAL_CAPACITY,PRIMARY,TERCILE,AVAILABLE_CROSS_SECTION,90,2018-07-31,2025-12-31,2,2,EXTREME_CPU_REGIME_ADJUSTED_INCREMENT,EXTREME_CPU_REGIME,-0.001863206195787516,0.005328284501999354,0.7265772208718781,-0.012306451919089188,0.008580039527514157,,,19.0,,
INTERNAL_FINANCIAL_CAPACITY,PRIMARY,TERCILE,BALANCED_COMMON_WINDOW,29,2023-08-31,2025-12-31,7,7,UNCONDITIONAL_HML_MEAN,CONST,0.008381155900874153,0.004261696392938469,0.04922653405393008,2.8384457670494606e-05,0.01673392734407781,,,,,
INTERNAL_FINANCIAL_CAPACITY,PRIMARY,TERCILE,BALANCED_COMMON_WINDOW,29,2023-08-31,2025-12-31,7,7,FACTOR_ADJUSTED_ALPHA,CONST,0.006472548753240085,0.004886231788164093,0.1852871407401081,-0.003104289571676284,0.016049387078156452,,,,,
INTERNAL_FINANCIAL_CAPACITY,PRIMARY,TERCILE,BALANCED_COMMON_WINDOW,29,2023-08-31,2025-12-31,7,7,CONTINUOUS_CPU_VIX_SENSITIVITY,CPU_Z_X_VIX_Z,0.011084578514209973,0.008618646267421223,0.19840259505772018,-0.00580765776542619,0.027976814793846137,,,,,
INTERNAL_FINANCIAL_CAPACITY,PRIMARY,TERCILE,BALANCED_COMMON_WINDOW,29,2023-08-31,2025-12-31,7,7,CPU_AND_VIX_STRESS_RAW_INCREMENT,CPU_AND_VIX_STRESS,0.00022240813614609058,0.008856651794281469,0.9799656379258954,-0.017136310404257636,0.01758112667654982,0.008358148162652144,0.008580556298798236,3.0,,
INTERNAL_FINANCIAL_CAPACITY,PRIMARY,TERCILE,BALANCED_COMMON_WINDOW,29,2023-08-31,2025-12-31,7,7,CPU_AND_VIX_STRESS_ADJUSTED_INCREMENT,CPU_AND_VIX_STRESS,-0.003695386937230424,0.009558381305785759,0.699043316007848,-0.022429470047071444,0.015038696172610597,,,3.0,,
INTERNAL_FINANCIAL_CAPACITY,PRIMARY,TERCILE,BALANCED_COMMON_WINDOW,29,2023-08-31,2025-12-31,7,7,EXTREME_CPU_REGIME_RAW_INCREMENT,EXTREME_CPU_REGIME,-0.014298037829223644,0.006312292371619756,0.02350591792605635,-0.026669903537485287,-0.0019261721209619994,0.014297585347449454,-4.524817741897308e-07,12.0,,
INTERNAL_FINANCIAL_CAPACITY,PRIMARY,TERCILE,BALANCED_COMMON_WINDOW,29,2023-08-31,2025-12-31,7,7,EXTREME_CPU_REGIME_ADJUSTED_INCREMENT,EXTREME_CPU_REGIME,-0.013697001953711787,0.005721007739050515,0.0166585272420211,-0.02490997107752572,-0.0024840328298978524,,,12.0,,
PORTFOLIO_CONCENTRATION_FINAL,PRIMARY,MEDIAN_SPLIT,AVAILABLE_CROSS_SECTION,108,2017-01-31,2025-12-31,2,2,UNCONDITIONAL_HML_MEAN,CONST,0.002713105367505142,0.0015229023559066564,0.07482492962605555,-0.0002717284020431034,0.005697939137053388,,,,0.22447478887816666,0.14241698490084984
PORTFOLIO_CONCENTRATION_FINAL,PRIMARY,MEDIAN_SPLIT,AVAILABLE_CROSS_SECTION,108,2017-01-31,2025-12-31,2,2,FACTOR_ADJUSTED_ALPHA,CONST,-0.00023158642755905044,0.0014370397638993984,0.8719711666939628,-0.0030481326091538136,0.0025849597540357127,,,,1.0,0.8719711666939628
PORTFOLIO_CONCENTRATION_FINAL,PRIMARY,MEDIAN_SPLIT,AVAILABLE_CROSS_SECTION,108,2017-01-31,2025-12-31,2,2,CONTINUOUS_CPU_VIX_SENSITIVITY,CPU_Z_X_VIX_Z,-0.0035724406870718158,0.0015251409272892058,0.01916183158320738,-0.00656166197590668,-0.0005832193982369511,,,,0.07664732633282952,0.0396003215797859
PORTFOLIO_CONCENTRATION_FINAL,PRIMARY,MEDIAN_SPLIT,AVAILABLE_CROSS_SECTION,108,2017-01-31,2025-12-31,2,2,CPU_AND_VIX_STRESS_RAW_INCREMENT,CPU_AND_VIX_STRESS,-0.008616941785651913,0.004812697471521857,0.07338000979927191,-0.018049655498321736,0.0008157719270179085,0.004069475833765166,-0.004547465951886747,17.0,0.20152083097319892,0.09784001306569588
PORTFOLIO_CONCENTRATION_FINAL,PRIMARY,MEDIAN_SPLIT,AVAILABLE_CROSS_SECTION,108,2017-01-31,2025-12-31,2,2,CPU_AND_VIX_STRESS_ADJUSTED_INCREMENT,CPU_AND_VIX_STRESS,0.0010310920789364229,0.0056165374658847704,0.8543418183559872,-0.00997711907201759,0.012039303229890434,,,17.0,1.0,0.9218757420603457
PORTFOLIO_CONCENTRATION_FINAL,PRIMARY,MEDIAN_SPLIT,AVAILABLE_CROSS_SECTION,108,2017-01-31,2025-12-31,2,2,EXTREME_CPU_REGIME_RAW_INCREMENT,EXTREME_CPU_REGIME,-0.002422898335044832,0.006313194615345414,0.7011391051753584,-0.014796532408514043,0.00995073573842438,0.0031393560005222878,0.0007164576654774559,19.0,1.0,0.7011391051753584
PORTFOLIO_CONCENTRATION_FINAL,PRIMARY,MEDIAN_SPLIT,AVAILABLE_CROSS_SECTION,108,2017-01-31,2025-12-31,2,2,EXTREME_CPU_REGIME_ADJUSTED_INCREMENT,EXTREME_CPU_REGIME,6.842731192884563e-05,0.005671994430367202,0.9903745019383149,-0.01104847749210265,0.01118533211596034,,,19.0,1.0,0.9903745019383149
PORTFOLIO_CONCENTRATION_FINAL,PRIMARY,MEDIAN_SPLIT,BALANCED_COMMON_WINDOW,29,2023-08-31,2025-12-31,12,12,UNCONDITIONAL_HML_MEAN,CONST,0.0014608836847592908,0.00283443131719944,0.6062691490122316,-0.004094499613604038,0.007016266983122619,,,,,
PORTFOLIO_CONCENTRATION_FINAL,PRIMARY,MEDIAN_SPLIT,BALANCED_COMMON_WINDOW,29,2023-08-31,2025-12-31,12,12,FACTOR_ADJUSTED_ALPHA,CONST,-0.0033025267624165744,0.0021382713739020085,0.12247102957115032,-0.007493461644437491,0.0008884081196043423,,,,,
PORTFOLIO_CONCENTRATION_FINAL,PRIMARY,MEDIAN_SPLIT,BALANCED_COMMON_WINDOW,29,2023-08-31,2025-12-31,12,12,CONTINUOUS_CPU_VIX_SENSITIVITY,CPU_Z_X_VIX_Z,0.00040260113023208357,0.0037330699091001145,0.9141169024814026,-0.0069140814433743545,0.007719283703838522,,,,,
PORTFOLIO_CONCENTRATION_FINAL,PRIMARY,MEDIAN_SPLIT,BALANCED_COMMON_WINDOW,29,2023-08-31,2025-12-31,12,12,CPU_AND_VIX_STRESS_RAW_INCREMENT,CPU_AND_VIX_STRESS,-0.0033192848358909667,0.003432400087552272,0.333521612202877,-0.010046665388025547,0.003408095716243614,0.0018042579781273225,-0.0015150268577636442,3.0,,
PORTFOLIO_CONCENTRATION_FINAL,PRIMARY,MEDIAN_SPLIT,BALANCED_COMMON_WINDOW,29,2023-08-31,2025-12-31,12,12,CPU_AND_VIX_STRESS_ADJUSTED_INCREMENT,CPU_AND_VIX_STRESS,0.0031689144517008314,0.0040755316537268525,0.43683654455741006,-0.004818980807456767,0.01115680971085843,,,3.0,,
PORTFOLIO_CONCENTRATION_FINAL,PRIMARY,MEDIAN_SPLIT,BALANCED_COMMON_WINDOW,29,2023-08-31,2025-12-31,12,12,EXTREME_CPU_REGIME_RAW_INCREMENT,EXTREME_CPU_REGIME,0.006749682430216619,0.007657895944527733,0.37810044308039426,-0.008259517818413076,0.021758882678846313,-0.0013320883553303432,0.0054175940748862755,12.0,,
PORTFOLIO_CONCENTRATION_FINAL,PRIMARY,MEDIAN_SPLIT,BALANCED_COMMON_WINDOW,29,2023-08-31,2025-12-31,12,12,EXTREME_CPU_REGIME_ADJUSTED_INCREMENT,EXTREME_CPU_REGIME,0.0086907520054611,0.005709772461001685,0.12798809159139612,-0.002500196378020833,0.019881700388943033,,,12.0,,
PORTFOLIO_CONCENTRATION_FINAL,PRIMARY,TERCILE,AVAILABLE_CROSS_SECTION,107,2017-02-28,2025-12-31,2,2,UNCONDITIONAL_HML_MEAN,CONST,0.0033131979826517104,0.00199859350795448,0.097364947129196,-0.0006039733126746369,0.007230369277978058,,,,,
PORTFOLIO_CONCENTRATION_FINAL,PRIMARY,TERCILE,AVAILABLE_CROSS_SECTION,107,2017-02-28,2025-12-31,2,2,FACTOR_ADJUSTED_ALPHA,CONST,-0.00024797203266058556,0.0021163705733324304,0.9067265031684101,-0.004395982134332534,0.0039000380690113637,,,,,
PORTFOLIO_CONCENTRATION_FINAL,PRIMARY,TERCILE,AVAILABLE_CROSS_SECTION,107,2017-02-28,2025-12-31,2,2,CONTINUOUS_CPU_VIX_SENSITIVITY,CPU_Z_X_VIX_Z,-0.0045924288993633815,0.0021727708703286465,0.034547070115157195,-0.008850981551865277,-0.0003338762468614864,,,,,
PORTFOLIO_CONCENTRATION_FINAL,PRIMARY,TERCILE,AVAILABLE_CROSS_SECTION,107,2017-02-28,2025-12-31,2,2,CPU_AND_VIX_STRESS_RAW_INCREMENT,CPU_AND_VIX_STRESS,-0.009332738847275786,0.0066326149385597,0.1593983475288815,-0.02233242525017514,0.0036669475556235683,0.004795969575209544,-0.004536769272066242,17.0,,
PORTFOLIO_CONCENTRATION_FINAL,PRIMARY,TERCILE,AVAILABLE_CROSS_SECTION,107,2017-02-28,2025-12-31,2,2,CPU_AND_VIX_STRESS_ADJUSTED_INCREMENT,CPU_AND_VIX_STRESS,0.0022929142714823107,0.008139352176313366,0.7781680181180044,-0.013659922851579595,0.018245751394544214,,,17.0,,
PORTFOLIO_CONCENTRATION_FINAL,PRIMARY,TERCILE,AVAILABLE_CROSS_SECTION,107,2017-02-28,2025-12-31,2,2,EXTREME_CPU_REGIME_RAW_INCREMENT,EXTREME_CPU_REGIME,-0.002920693934164914,0.008301550794020306,0.7249694338440867,-0.019191434506274602,0.013350046637944774,0.003831825877503426,0.0009111319433385118,19.0,,
PORTFOLIO_CONCENTRATION_FINAL,PRIMARY,TERCILE,AVAILABLE_CROSS_SECTION,107,2017-02-28,2025-12-31,2,2,EXTREME_CPU_REGIME_ADJUSTED_INCREMENT,EXTREME_CPU_REGIME,-9.966479497349476e-05,0.007592281820337987,0.9895263743831502,-0.01498026372331415,0.014780934133367162,,,19.0,,
PORTFOLIO_CONCENTRATION_FINAL,PRIMARY,TERCILE,BALANCED_COMMON_WINDOW,29,2023-08-31,2025-12-31,8,8,UNCONDITIONAL_HML_MEAN,CONST,0.0012593493967611323,0.0038374167684735914,0.7427783347287741,-0.006261849263117186,0.008780548056639451,,,,,
PORTFOLIO_CONCENTRATION_FINAL,PRIMARY,TERCILE,BALANCED_COMMON_WINDOW,29,2023-08-31,2025-12-31,8,8,FACTOR_ADJUSTED_ALPHA,CONST,-0.004832427447960511,0.0030951333637158837,0.11845330917797242,-0.010898777368191954,0.0012339224722709326,,,,,
PORTFOLIO_CONCENTRATION_FINAL,PRIMARY,TERCILE,BALANCED_COMMON_WINDOW,29,2023-08-31,2025-12-31,8,8,CONTINUOUS_CPU_VIX_SENSITIVITY,CPU_Z_X_VIX_Z,0.0010460019584359575,0.005021181060747133,0.8349807460395687,-0.008795332080483049,0.010887335997354962,,,,,
PORTFOLIO_CONCENTRATION_FINAL,PRIMARY,TERCILE,BALANCED_COMMON_WINDOW,29,2023-08-31,2025-12-31,8,8,CPU_AND_VIX_STRESS_RAW_INCREMENT,CPU_AND_VIX_STRESS,-0.0043276196317099825,0.00457181829871144,0.3438497320503857,-0.013288218841045588,0.004632979577625623,0.0017070341862483723,-0.0026205854454616102,3.0,,
PORTFOLIO_CONCENTRATION_FINAL,PRIMARY,TERCILE,BALANCED_COMMON_WINDOW,29,2023-08-31,2025-12-31,8,8,CPU_AND_VIX_STRESS_ADJUSTED_INCREMENT,CPU_AND_VIX_STRESS,0.004307680422734017,0.005550734318233366,0.43771594820464266,-0.006571558928753871,0.015186919774221905,,,3.0,,
PORTFOLIO_CONCENTRATION_FINAL,PRIMARY,TERCILE,BALANCED_COMMON_WINDOW,29,2023-08-31,2025-12-31,8,8,EXTREME_CPU_REGIME_RAW_INCREMENT,EXTREME_CPU_REGIME,0.009966694800392818,0.009871378082506687,0.31266019337661954,-0.009380850719098348,0.029314240319883986,-0.0028648001758152034,0.0071018946245776145,12.0,,
PORTFOLIO_CONCENTRATION_FINAL,PRIMARY,TERCILE,BALANCED_COMMON_WINDOW,29,2023-08-31,2025-12-31,8,8,EXTREME_CPU_REGIME_ADJUSTED_INCREMENT,EXTREME_CPU_REGIME,0.012486908241631529,0.007536032841427374,0.09752747481711271,-0.0022834447138771717,0.02725726119714023,,,12.0,,
